"ensembl_id","baseMean.x","log2FoldChange.x","lfcSE.x","pvalue.x","padj.x","gene_id.x","symbol.x","gene_type.x","sfari_humanID.x","sfari_geneticCategory.x","sfari_geneScore.x","sfari_syndromic.x","sfari_numberReports.x","id_Symbol.x","id_Entrez.x","id_OMIM.x","id_humanID.x","id_HPRD.x","id_HGNC.x","id_Chromosome.location.x","id_hPSD.x","id_Gene.group.x","id_Main.class.x","id_Accompanying.phenotype.x","id_Inheritance.pattern.x","id_Inheritance.type.x","id_Limited.confidence.criterion.x","id_Disease.type.x","id_Disease.subtype.x","id_Haploinsufficiency.x","id_OMIM.disease.x","id_Gene.ontology.based.annotation.x","id_Screened.wing.x","id_Screened.neuronal.x","subcell.x","localization.x","significant.x","direction.x","label.x","label_keep","color_keep","baseMean.y","log2FoldChange.y","lfcSE.y","pvalue.y","padj.y","gene_id.y","symbol.y","gene_type.y","sfari_humanID.y","sfari_geneticCategory.y","sfari_geneScore.y","sfari_syndromic.y","sfari_numberReports.y","id_Symbol.y","id_Entrez.y","id_OMIM.y","id_humanID.y","id_HPRD.y","id_HGNC.y","id_Chromosome.location.y","id_hPSD.y","id_Gene.group.y","id_Main.class.y","id_Accompanying.phenotype.y","id_Inheritance.pattern.y","id_Inheritance.type.y","id_Limited.confidence.criterion.y","id_Disease.type.y","id_Disease.subtype.y","id_Haploinsufficiency.y","id_OMIM.disease.y","id_Gene.ontology.based.annotation.y","id_Screened.wing.y","id_Screened.neuronal.y","subcell.y","localization.y","significant.y","direction.y","label.y"
"ENSMUSG00000000085",1553.66365581042,-0.433985559837301,0.159913028706755,0.000422687578838016,0.0429100041617051,"29871","Scmh1","protein-coding",NA,NA,NA,NA,NA,NA,NA,NA,NA,NA,NA,NA,NA,NA,NA,NA,NA,NA,NA,NA,NA,NA,NA,NA,NA,NA,-0.0242454835660648,"None",TRUE,"Depleted","Scmh1","yes","yes",2504.27731440359,0.011772068467907,0.169248179618132,0.932860430965933,0.974527518318557,"29871","Scmh1","protein-coding",NA,NA,NA,NA,NA,NA,NA,NA,NA,NA,NA,NA,NA,NA,NA,NA,NA,NA,NA,NA,NA,NA,NA,NA,NA,NA,-0.0242454835660648,"None",FALSE,"Enriched",""
"ENSMUSG00000000149",2766.74537714145,-0.434909421135618,0.146733063377051,0.000203322513959527,0.0292733156370937,"14673","Gna12","protein-coding",NA,NA,NA,NA,NA,NA,NA,NA,NA,NA,NA,NA,NA,NA,NA,NA,NA,NA,NA,NA,NA,NA,NA,NA,NA,NA,0.847335220120851,"GC",TRUE,"Depleted","Gna12","yes","yes",2856.84969119237,0.43972414325619,0.218403730452298,0.0162361820035946,0.0912020053504335,"14673","Gna12","protein-coding",NA,NA,NA,NA,NA,NA,NA,NA,NA,NA,NA,NA,NA,NA,NA,NA,NA,NA,NA,NA,NA,NA,NA,NA,NA,NA,0.847335220120851,"GC",FALSE,"Enriched",""
"ENSMUSG00000001158",2076.8951918743,0.436765841039184,0.165344655370536,0.000406341180896858,0.0427331230402049,"66618","Snrnp27","protein-coding",NA,NA,NA,NA,NA,NA,NA,NA,NA,NA,NA,NA,NA,NA,NA,NA,NA,NA,NA,NA,NA,NA,NA,NA,NA,NA,0.337064748599281,"None",TRUE,"Enriched","Snrnp27","yes","yes",1944.91423492411,-0.000838704951402032,0.21693570808374,0.992458978158186,0.997904757583687,"66618","Snrnp27","protein-coding",NA,NA,NA,NA,NA,NA,NA,NA,NA,NA,NA,NA,NA,NA,NA,NA,NA,NA,NA,NA,NA,NA,NA,NA,NA,NA,0.337064748599281,"None",FALSE,"Depleted",""
"ENSMUSG00000001424",1271.08378612729,-0.45025134741943,0.136828510573652,6.25329869566039e-05,0.0137613576541877,"56463","Snd1","protein-coding","ENSG00000197157","Rare Single Gene Mutation, Genetic Association","3",0,8,NA,NA,NA,NA,NA,NA,NA,NA,NA,NA,NA,NA,NA,NA,NA,NA,NA,NA,NA,NA,NA,-0.973698049916766,"Soma",TRUE,"Depleted","Snd1","yes","yes",4705.39246789132,0.146635324560513,0.150959089151502,0.287146410241138,0.562856523090935,"56463","Snd1","protein-coding","ENSG00000197157","Rare Single Gene Mutation, Genetic Association","3",0,8,NA,NA,NA,NA,NA,NA,NA,NA,NA,NA,NA,NA,NA,NA,NA,NA,NA,NA,NA,NA,NA,-0.973698049916766,"Soma",FALSE,"Enriched",""
"ENSMUSG00000002043",463.755932931571,1.0742689343806,0.181869302329402,1.630366464087e-10,4.37720788278078e-07,"67091","Trappc6a","protein-coding",NA,NA,NA,NA,NA,NA,NA,NA,NA,NA,NA,NA,NA,NA,NA,NA,NA,NA,NA,NA,NA,NA,NA,NA,NA,NA,1.24059625186347,"GC",TRUE,"Enriched","Trappc6a","yes","yes",184.607086071736,-0.0716577711438599,0.271783364646634,0.703209269490003,0.870370151577875,"67091","Trappc6a","protein-coding",NA,NA,NA,NA,NA,NA,NA,NA,NA,NA,NA,NA,NA,NA,NA,NA,NA,NA,NA,NA,NA,NA,NA,NA,NA,NA,1.24059625186347,"GC",FALSE,"Depleted",""
"ENSMUSG00000002396",457.302874269407,0.866389554957801,0.244501338948856,1.64990918501542e-05,0.00677725166195614,"77090","Ocel1","protein-coding",NA,NA,NA,NA,NA,NA,NA,NA,NA,NA,NA,NA,NA,NA,NA,NA,NA,NA,NA,NA,NA,NA,NA,NA,NA,NA,0.489244714426006,"None",TRUE,"Enriched","Ocel1","yes","yes",275.30215305136,-0.958958161991118,0.284738103850517,9.00897986542591e-05,0.00151599243513484,"77090","Ocel1","protein-coding",NA,NA,NA,NA,NA,NA,NA,NA,NA,NA,NA,NA,NA,NA,NA,NA,NA,NA,NA,NA,NA,NA,NA,NA,NA,NA,0.489244714426006,"None",TRUE,"Depleted","Ocel1"
"ENSMUSG00000002728",1555.9854342751,0.431434517497639,0.135693032835693,9.555837133504e-05,0.0173348050919132,"67877","Naa20","protein-coding",NA,NA,NA,NA,NA,NA,NA,NA,NA,NA,NA,NA,NA,NA,NA,NA,NA,NA,NA,NA,NA,NA,NA,NA,NA,NA,-0.74638325811195,"Soma",TRUE,"Enriched","Naa20","yes","yes",2945.99794323807,-0.118564348568681,0.240159327335511,0.521434177252368,0.758036338074774,"67877","Naa20","protein-coding",NA,NA,NA,NA,NA,NA,NA,NA,NA,NA,NA,NA,NA,NA,NA,NA,NA,NA,NA,NA,NA,NA,NA,NA,NA,NA,-0.74638325811195,"Soma",FALSE,"Depleted",""
"ENSMUSG00000005893",895.578813653608,-0.667258751827875,0.153838407802136,7.90800260346476e-07,0.000442320945620462,"22026","Nr2c2","protein-coding",NA,NA,NA,NA,NA,NA,NA,NA,NA,NA,NA,NA,NA,NA,NA,NA,NA,NA,NA,NA,NA,NA,NA,NA,NA,NA,-1.41837510442095,"Soma",TRUE,"Depleted","Nr2c2","yes","yes",4443.92980815794,-0.0369575594962566,0.17809745953897,0.811386721895618,0.92315031084503,"22026","Nr2c2","protein-coding",NA,NA,NA,NA,NA,NA,NA,NA,NA,NA,NA,NA,NA,NA,NA,NA,NA,NA,NA,NA,NA,NA,NA,NA,NA,NA,-1.41837510442095,"Soma",FALSE,"Depleted",""
"ENSMUSG00000006134",767.516237871346,-0.426882267338069,0.153946467326809,0.000357425742837763,0.0417224623639489,"12929","Crkl","protein-coding",NA,NA,NA,NA,NA,NA,NA,NA,NA,NA,NA,NA,NA,NA,NA,NA,NA,NA,NA,NA,NA,NA,NA,NA,NA,NA,-0.037973826957318,"None",TRUE,"Depleted","Crkl","yes","yes",1322.57552582551,0.0643126168976655,0.161771819221152,0.660641097587018,0.847753115508747,"12929","Crkl","protein-coding",NA,NA,NA,NA,NA,NA,NA,NA,NA,NA,NA,NA,NA,NA,NA,NA,NA,NA,NA,NA,NA,NA,NA,NA,NA,NA,-0.037973826957318,"None",FALSE,"Enriched",""
"ENSMUSG00000006494",602.606945874732,-0.51270497946314,0.159136264228284,7.33997520854352e-05,0.0151587426460751,"228026","Pdk1","protein-coding",NA,NA,NA,NA,NA,NA,NA,NA,NA,NA,NA,NA,NA,NA,NA,NA,NA,NA,NA,NA,NA,NA,NA,NA,NA,NA,-0.0676111973282609,"None",TRUE,"Depleted","Pdk1","yes","yes",969.933858734882,-0.245153669943335,0.168482158209238,0.103991481383245,0.316500338561291,"228026","Pdk1","protein-coding",NA,NA,NA,NA,NA,NA,NA,NA,NA,NA,NA,NA,NA,NA,NA,NA,NA,NA,NA,NA,NA,NA,NA,NA,NA,NA,-0.0676111973282609,"None",FALSE,"Depleted",""
"ENSMUSG00000007721",4014.8806330058,0.39900344216335,0.146200756652234,0.000401088522600719,0.0427331230402049,"234388","Ccdc124","protein-coding",NA,NA,NA,NA,NA,NA,NA,NA,NA,NA,NA,NA,NA,NA,NA,NA,NA,NA,NA,NA,NA,NA,NA,NA,NA,NA,0.584080855782424,"GC",TRUE,"Enriched","Ccdc124","yes","yes",3520.8990705912,0.267348335011348,0.212210555115703,0.131091443492461,0.362683046145024,"234388","Ccdc124","protein-coding",NA,NA,NA,NA,NA,NA,NA,NA,NA,NA,NA,NA,NA,NA,NA,NA,NA,NA,NA,NA,NA,NA,NA,NA,NA,NA,0.584080855782424,"GC",FALSE,"Enriched",""
"ENSMUSG00000009406",1295.07396961971,-0.42105895186305,0.153475687840569,0.000391296150371678,0.0427331230402049,"13712","Elk1","protein-coding",NA,NA,NA,NA,NA,NA,NA,NA,NA,NA,NA,NA,NA,NA,NA,NA,NA,NA,NA,NA,NA,NA,NA,NA,NA,NA,1.03121880250451,"GC",TRUE,"Depleted","Elk1","yes","yes",927.201465353417,-0.0256775262055982,0.195210692201704,0.875172523179907,0.950825172660109,"13712","Elk1","protein-coding",NA,NA,NA,NA,NA,NA,NA,NA,NA,NA,NA,NA,NA,NA,NA,NA,NA,NA,NA,NA,NA,NA,NA,NA,NA,NA,1.03121880250451,"GC",FALSE,"Depleted",""
"ENSMUSG00000010097",889.332401541996,-0.577033511998888,0.182756681746754,8.67263600979926e-05,0.0161889419684421,"53319","Nxf1","protein-coding","ENSG00000162231","Rare Single Gene Mutation","3",0,1,NA,NA,NA,NA,NA,NA,NA,NA,NA,NA,NA,NA,NA,NA,NA,NA,NA,NA,NA,NA,NA,-1.77099524007009,"Soma",TRUE,"Depleted","Nxf1","yes","yes",5610.05482527146,0.097593382046505,0.128818842964926,0.420645318321164,0.682018593997186,"53319","Nxf1","protein-coding","ENSG00000162231","Rare Single Gene Mutation","3",0,1,NA,NA,NA,NA,NA,NA,NA,NA,NA,NA,NA,NA,NA,NA,NA,NA,NA,NA,NA,NA,NA,-1.77099524007009,"Soma",FALSE,"Enriched",""
"ENSMUSG00000010607",816.659427269458,0.445556616971003,0.158263548585712,0.000277836733174992,0.0356641060061496,"66268","Pigyl","protein-coding",NA,NA,NA,NA,NA,NA,NA,NA,NA,NA,NA,NA,NA,NA,NA,NA,NA,NA,NA,NA,NA,NA,NA,NA,NA,NA,0.269372635045288,"None",TRUE,"Enriched","Pigyl","yes","yes",806.498338245752,0.00363296516661769,0.215815726487187,0.986070656743795,0.996421029038271,"66268","Pigyl","protein-coding",NA,NA,NA,NA,NA,NA,NA,NA,NA,NA,NA,NA,NA,NA,NA,NA,NA,NA,NA,NA,NA,NA,NA,NA,NA,NA,0.269372635045288,"None",FALSE,"Enriched",""
"ENSMUSG00000014837",1068.72752917629,-0.512172533880868,0.173289831681546,0.000176929606840474,0.026390033802517,"74356","4931428F04Rik","protein-coding",NA,NA,NA,NA,NA,NA,NA,NA,NA,NA,NA,NA,NA,NA,NA,NA,NA,NA,NA,NA,NA,NA,NA,NA,NA,NA,-1.63940719978884,"Soma",TRUE,"Depleted","4931428F04Rik","yes","yes",5304.23578957674,-0.204381831584773,0.221870402668348,0.257651083712907,0.531561022770765,"74356","4931428F04Rik","protein-coding",NA,NA,NA,NA,NA,NA,NA,NA,NA,NA,NA,NA,NA,NA,NA,NA,NA,NA,NA,NA,NA,NA,NA,NA,NA,NA,-1.63940719978884,"Soma",FALSE,"Depleted",""
"ENSMUSG00000015468",92.0628515896667,1.02355016815512,0.433299179821811,0.000523877119702171,0.0477887548711931,"18132","Notch4","protein-coding",NA,NA,NA,NA,NA,NA,NA,NA,NA,NA,NA,NA,NA,NA,NA,NA,NA,NA,NA,NA,NA,NA,NA,NA,NA,NA,0.120065519866359,"None",TRUE,"Enriched","Notch4","yes","yes",85.657900520015,0.531595262918625,0.269417636705748,0.0128756098923755,0.0774312049953504,"18132","Notch4","protein-coding",NA,NA,NA,NA,NA,NA,NA,NA,NA,NA,NA,NA,NA,NA,NA,NA,NA,NA,NA,NA,NA,NA,NA,NA,NA,NA,0.120065519866359,"None",FALSE,"Enriched",""
"ENSMUSG00000017721",586.496059724395,-0.667779691864554,0.185893436878613,1.7183127375965e-05,0.00678430299691041,"78928","Pigt","protein-coding",NA,NA,NA,NA,NA,"PIGT",51604,"610272","ENSG00000124155","15136",14938,"20q12-q13.12",0,"ID data freeze 650","2","E, F, L2, Q, T, U, W","Mendelian autosomal","recessive; dominant","1; 0","MULTIPLE CONGENITAL ANOMALIES-HYPOTONIA-SEIZURES SYNDROME; PAROXYSMAL NOCTURNAL HEMOGLOBINURIA ","MULTIPLE CONGENITAL ANOMALIES-HYPOTONIA-SEIZURES SYNDROME 3; MCAHS3; PAROXYSMAL NOCTURNAL HEMOGLOBINURIA 2; PNH2","0","615398; 615399","nervous system development",0,0,-0.754074109355215,"Soma",TRUE,"Depleted","Pigt","yes","yes",2010.15064562281,0.257910829423312,0.212738681749966,0.1403381894437,0.37822451600659,"78928","Pigt","protein-coding",NA,NA,NA,NA,NA,"PIGT",51604,"610272","ENSG00000124155","15136",14938,"20q12-q13.12",0,"ID data freeze 650","2","E, F, L2, Q, T, U, W","Mendelian autosomal","recessive; dominant","1; 0","MULTIPLE CONGENITAL ANOMALIES-HYPOTONIA-SEIZURES SYNDROME; PAROXYSMAL NOCTURNAL HEMOGLOBINURIA ","MULTIPLE CONGENITAL ANOMALIES-HYPOTONIA-SEIZURES SYNDROME 3; MCAHS3; PAROXYSMAL NOCTURNAL HEMOGLOBINURIA 2; PNH2","0","615398; 615399","nervous system development",0,0,-0.754074109355215,"Soma",FALSE,"Enriched",""
"ENSMUSG00000018900",586.393394876197,-0.651224856395607,0.197056489794534,4.836298773519e-05,0.0127298970070037,"20520","Slc22a5","protein-coding",NA,NA,NA,NA,NA,NA,NA,NA,NA,NA,NA,NA,NA,NA,NA,NA,NA,NA,NA,NA,NA,NA,NA,NA,NA,NA,0.433292060461206,"None",TRUE,"Depleted","Slc22a5","yes","yes",583.611501148835,-0.207938241677416,0.188921526749729,0.202352784029197,0.466487452007683,"20520","Slc22a5","protein-coding",NA,NA,NA,NA,NA,NA,NA,NA,NA,NA,NA,NA,NA,NA,NA,NA,NA,NA,NA,NA,NA,NA,NA,NA,NA,NA,0.433292060461206,"None",FALSE,"Depleted",""
"ENSMUSG00000019659",2036.30317348801,0.501187977687911,0.187425790678434,0.000428015495953815,0.0429100041617051,"72654","Ccdc12","protein-coding",NA,NA,NA,NA,NA,NA,NA,NA,NA,NA,NA,NA,NA,NA,NA,NA,NA,NA,NA,NA,NA,NA,NA,NA,NA,NA,0.815134379961001,"GC",TRUE,"Enriched","Ccdc12","yes","yes",1588.76695060909,0.395192687165595,0.251423333162756,0.0467072972387499,0.188227559339896,"72654","Ccdc12","protein-coding",NA,NA,NA,NA,NA,NA,NA,NA,NA,NA,NA,NA,NA,NA,NA,NA,NA,NA,NA,NA,NA,NA,NA,NA,NA,NA,0.815134379961001,"GC",FALSE,"Enriched",""
"ENSMUSG00000019731",670.129765210465,-0.575565942641247,0.172021062547409,4.48437928404895e-05,0.0120396615018146,"270066","Slc35e1","protein-coding",NA,NA,NA,NA,NA,NA,NA,NA,NA,NA,NA,NA,NA,NA,NA,NA,NA,NA,NA,NA,NA,NA,NA,NA,NA,NA,-0.331643976511719,"None",TRUE,"Depleted","Slc35e1","yes","yes",1396.24898452407,-0.0652133322779891,0.251643272914974,0.724177938174737,0.881759122220019,"270066","Slc35e1","protein-coding",NA,NA,NA,NA,NA,NA,NA,NA,NA,NA,NA,NA,NA,NA,NA,NA,NA,NA,NA,NA,NA,NA,NA,NA,NA,NA,-0.331643976511719,"None",FALSE,"Depleted",""
"ENSMUSG00000019857",616.427990757058,0.520624430304911,0.15972696705044,6.09494499791803e-05,0.0137613576541877,"66403","Asf1a","protein-coding",NA,NA,NA,NA,NA,NA,NA,NA,NA,NA,NA,NA,NA,NA,NA,NA,NA,NA,NA,NA,NA,NA,NA,NA,NA,NA,-0.276642742995509,"None",TRUE,"Enriched","Asf1a","yes","yes",990.170450010256,0.164884267960475,0.261774477393283,0.391031350277788,0.656971232310458,"66403","Asf1a","protein-coding",NA,NA,NA,NA,NA,NA,NA,NA,NA,NA,NA,NA,NA,NA,NA,NA,NA,NA,NA,NA,NA,NA,NA,NA,NA,NA,-0.276642742995509,"None",FALSE,"Enriched",""
"ENSMUSG00000020022",4800.66267991725,0.478505633768886,0.145566025865138,5.95971765120985e-05,0.0137613576541877,"66414","Ndufa12","protein-coding",NA,NA,NA,NA,NA,"NDUFA12",55967,"614530","ENSG00000184752","16781",23987,"12q22",1,"ID data freeze 650","8b","G, L2, M","Mendelian autosomal","recessive","1","LEIGH SYNDROME","LEIGH SYNDROME; LS","0","256000","mitochondria",0,0,0.709100566092535,"GC",TRUE,"Enriched","Ndufa12","yes","yes",4673.92291708118,0.538707587638192,0.352229425965758,0.0267573050911942,0.130355182041685,"66414","Ndufa12","protein-coding",NA,NA,NA,NA,NA,"NDUFA12",55967,"614530","ENSG00000184752","16781",23987,"12q22",1,"ID data freeze 650","8b","G, L2, M","Mendelian autosomal","recessive","1","LEIGH SYNDROME","LEIGH SYNDROME; LS","0","256000","mitochondria",0,0,0.709100566092535,"GC",FALSE,"Enriched",""
"ENSMUSG00000020413",130.07124359736,-1.11972250524892,0.403406056552226,0.00020906281232554,0.02954167571219,"15574","Hus1","protein-coding",NA,NA,NA,NA,NA,NA,NA,NA,NA,NA,NA,NA,NA,NA,NA,NA,NA,NA,NA,NA,NA,NA,NA,NA,NA,NA,0.973207870190145,"GC",TRUE,"Depleted","Hus1","yes","yes",133.887930470084,0.149952535640584,0.286486927326987,0.441118817521852,0.697902456590362,"15574","Hus1","protein-coding",NA,NA,NA,NA,NA,NA,NA,NA,NA,NA,NA,NA,NA,NA,NA,NA,NA,NA,NA,NA,NA,NA,NA,NA,NA,NA,0.973207870190145,"GC",FALSE,"Enriched",""
"ENSMUSG00000020514",1058.99892055282,0.515497384912049,0.189072369883435,0.000312965534197212,0.0391306616345389,"216767","Mrpl22","protein-coding",NA,NA,NA,NA,NA,NA,NA,NA,NA,NA,NA,NA,NA,NA,NA,NA,NA,NA,NA,NA,NA,NA,NA,NA,NA,NA,-0.401441151021315,"None",TRUE,"Enriched","Mrpl22","yes","yes",1606.14864967425,-0.0812145439511405,0.182746930609689,0.608714563172754,0.816246372097972,"216767","Mrpl22","protein-coding",NA,NA,NA,NA,NA,NA,NA,NA,NA,NA,NA,NA,NA,NA,NA,NA,NA,NA,NA,NA,NA,NA,NA,NA,NA,NA,-0.401441151021315,"None",FALSE,"Depleted",""
"ENSMUSG00000020882",1136.97799265139,-0.477236824060982,0.177014221842208,0.000399879356269869,0.0427331230402049,"12295","Cacnb1","protein-coding","ENSG00000067191","Rare Single Gene Mutation","3",0,1,NA,NA,NA,NA,NA,NA,NA,NA,NA,NA,NA,NA,NA,NA,NA,NA,NA,NA,NA,NA,NA,0.0153842793936943,"None",TRUE,"Depleted","Cacnb1","yes","yes",1892.34948754393,0.0398241443628433,0.221421711092682,0.837671287726596,0.935902605013675,"12295","Cacnb1","protein-coding","ENSG00000067191","Rare Single Gene Mutation","3",0,1,NA,NA,NA,NA,NA,NA,NA,NA,NA,NA,NA,NA,NA,NA,NA,NA,NA,NA,NA,NA,NA,0.0153842793936943,"None",FALSE,"Enriched",""
"ENSMUSG00000021062",4141.95044395184,-0.421516498136129,0.158444286702224,0.000502583061101575,0.0465287931877761,"104886","Rab15","protein-coding",NA,NA,NA,NA,NA,NA,NA,NA,NA,NA,NA,NA,NA,NA,NA,NA,NA,NA,NA,NA,NA,NA,NA,NA,NA,NA,1.04667470675424,"GC",TRUE,"Depleted","Rab15","yes","yes",3027.81378864535,-0.226042717898809,0.180273810350642,0.156193961559785,0.402263555659937,"104886","Rab15","protein-coding",NA,NA,NA,NA,NA,NA,NA,NA,NA,NA,NA,NA,NA,NA,NA,NA,NA,NA,NA,NA,NA,NA,NA,NA,NA,NA,1.04667470675424,"GC",FALSE,"Depleted",""
"ENSMUSG00000021218",7333.41475403266,-0.297673788838756,0.099799795097581,0.000316282990643317,0.0391306616345389,"14569","Gdi2","protein-coding",NA,NA,NA,NA,NA,NA,NA,NA,NA,NA,NA,NA,NA,NA,NA,NA,NA,NA,NA,NA,NA,NA,NA,NA,NA,NA,0.0362979284543096,"None",TRUE,"Depleted","Gdi2","yes","yes",12471.4219878858,0.0736448028825946,0.132707884541749,0.564655040538945,0.786876227121329,"14569","Gdi2","protein-coding",NA,NA,NA,NA,NA,NA,NA,NA,NA,NA,NA,NA,NA,NA,NA,NA,NA,NA,NA,NA,NA,NA,NA,NA,NA,NA,0.0362979284543096,"None",FALSE,"Enriched",""
"ENSMUSG00000021254",226.280230739863,-0.668478563897102,0.238812894202823,0.0002332809197277,0.0320806425155741,"70373","Gpatch2l","protein-coding",NA,NA,NA,NA,NA,NA,NA,NA,NA,NA,NA,NA,NA,NA,NA,NA,NA,NA,NA,NA,NA,NA,NA,NA,NA,NA,-1.32903248198505,"Soma",TRUE,"Depleted","Gpatch2l","yes","yes",1016.23602151764,-0.0375819701669143,0.234115090750596,0.834295413120746,0.93434294666334,"70373","Gpatch2l","protein-coding",NA,NA,NA,NA,NA,NA,NA,NA,NA,NA,NA,NA,NA,NA,NA,NA,NA,NA,NA,NA,NA,NA,NA,NA,NA,NA,-1.32903248198505,"Soma",FALSE,"Depleted",""
"ENSMUSG00000021306",542.586316800108,-0.569568465185582,0.162427153923672,2.58483412146578e-05,0.00826162220156109,"83924","Gpr137b","protein-coding",NA,NA,NA,NA,NA,NA,NA,NA,NA,NA,NA,NA,NA,NA,NA,NA,NA,NA,NA,NA,NA,NA,NA,NA,NA,NA,0.105034245317462,"None",TRUE,"Depleted","Gpr137b","yes","yes",751.235636107015,-0.207290949238446,0.128556418711203,0.0847276426533499,0.278794473472001,"83924","Gpr137b","protein-coding",NA,NA,NA,NA,NA,NA,NA,NA,NA,NA,NA,NA,NA,NA,NA,NA,NA,NA,NA,NA,NA,NA,NA,NA,NA,NA,0.105034245317462,"None",FALSE,"Depleted",""
"ENSMUSG00000021364",861.520469767369,-0.65254000303645,0.207417487263625,7.82323908762853e-05,0.0156745017182575,"54326","Elovl2","protein-coding","ENSG00000197977","Genetic Association","3",0,1,NA,NA,NA,NA,NA,NA,NA,NA,NA,NA,NA,NA,NA,NA,NA,NA,NA,NA,NA,NA,NA,-0.548318503184579,"Soma",TRUE,"Depleted","Elovl2","yes","yes",2849.63397163505,0.866272179851725,0.17917527500201,1.40615477709334e-07,5.51485810598874e-06,"54326","Elovl2","protein-coding","ENSG00000197977","Genetic Association","3",0,1,NA,NA,NA,NA,NA,NA,NA,NA,NA,NA,NA,NA,NA,NA,NA,NA,NA,NA,NA,NA,NA,-0.548318503184579,"Soma",TRUE,"Enriched","Elovl2"
"ENSMUSG00000022512",57.563089747396,-1.43689080931251,0.432355597054284,3.60973194250479e-05,0.0105341394774314,"12737","Cldn1","protein-coding",NA,NA,NA,NA,NA,NA,NA,NA,NA,NA,NA,NA,NA,NA,NA,NA,NA,NA,NA,NA,NA,NA,NA,NA,NA,NA,-0.0737202315740611,"None",TRUE,"Depleted","Cldn1","yes","yes",761.742769470532,3.65958005733688,0.408202989277697,1.17924432892716e-20,3.02524727489244e-18,"12737","Cldn1","protein-coding",NA,NA,NA,NA,NA,NA,NA,NA,NA,NA,NA,NA,NA,NA,NA,NA,NA,NA,NA,NA,NA,NA,NA,NA,NA,NA,-0.0737202315740611,"None",TRUE,"Enriched","Cldn1"
"ENSMUSG00000022519",448.788603429683,-0.456311236948493,0.173415806315719,0.000496640441324682,0.0465287931877761,"106393","Srl","protein-coding",NA,NA,NA,NA,NA,NA,NA,NA,NA,NA,NA,NA,NA,NA,NA,NA,NA,NA,NA,NA,NA,NA,NA,NA,NA,NA,-0.225705972727461,"None",TRUE,"Depleted","Srl","yes","yes",919.298331623295,-0.135941993685921,0.151987948422066,0.325816203485353,0.598042772155017,"106393","Srl","protein-coding",NA,NA,NA,NA,NA,NA,NA,NA,NA,NA,NA,NA,NA,NA,NA,NA,NA,NA,NA,NA,NA,NA,NA,NA,NA,NA,-0.225705972727461,"None",FALSE,"Depleted",""
"ENSMUSG00000022637",402.292603688995,-0.544803293918445,0.171964473042935,8.49267441575768e-05,0.0161889419684421,"208650","Cblb","protein-coding",NA,NA,NA,NA,NA,NA,NA,NA,NA,NA,NA,NA,NA,NA,NA,NA,NA,NA,NA,NA,NA,NA,NA,NA,NA,NA,-0.908321060390214,"Soma",TRUE,"Depleted","Cblb","yes","yes",1113.9510332643,-0.567501561444506,0.339387809113357,0.0204684559298373,0.108051345832611,"208650","Cblb","protein-coding",NA,NA,NA,NA,NA,NA,NA,NA,NA,NA,NA,NA,NA,NA,NA,NA,NA,NA,NA,NA,NA,NA,NA,NA,NA,NA,-0.908321060390214,"Soma",FALSE,"Depleted",""
"ENSMUSG00000022763",174.840630848164,0.952013326598652,0.291681003228924,4.23416929580897e-05,0.0115998956381509,"72168","Aifm3","protein-coding",NA,NA,NA,NA,NA,NA,NA,NA,NA,NA,NA,NA,NA,NA,NA,NA,NA,NA,NA,NA,NA,NA,NA,NA,NA,NA,3.79864942886007,"GC",TRUE,"Enriched","Aifm3","yes","yes",29.6379488671516,2.3634254589154,0.748015515309407,5.46296221035829e-05,0.000988592149037948,"72168","Aifm3","protein-coding",NA,NA,NA,NA,NA,NA,NA,NA,NA,NA,NA,NA,NA,NA,NA,NA,NA,NA,NA,NA,NA,NA,NA,NA,NA,NA,3.79864942886007,"GC",TRUE,"Enriched","Aifm3"
"ENSMUSG00000023034",126.623261796377,-0.732189668668348,0.283453128695816,0.000408180423615887,0.0427331230402049,"15370","Nr4a1","protein-coding",NA,NA,NA,NA,NA,NA,NA,NA,NA,NA,NA,NA,NA,NA,NA,NA,NA,NA,NA,NA,NA,NA,NA,NA,NA,NA,0.173894727672908,"None",TRUE,"Depleted","Nr4a1","yes","yes",285.71169594068,0.949378669806785,0.290479263069146,0.000115139973792198,0.00186395120156843,"15370","Nr4a1","protein-coding",NA,NA,NA,NA,NA,NA,NA,NA,NA,NA,NA,NA,NA,NA,NA,NA,NA,NA,NA,NA,NA,NA,NA,NA,NA,NA,0.173894727672908,"None",TRUE,"Enriched","Nr4a1"
"ENSMUSG00000023967",3781.94101491971,0.419802553420504,0.136320302415,0.000139253845564957,0.0230783163316541,"68565","Mrps18a","protein-coding",NA,NA,NA,NA,NA,NA,NA,NA,NA,NA,NA,NA,NA,NA,NA,NA,NA,NA,NA,NA,NA,NA,NA,NA,NA,NA,0.847553408565753,"GC",TRUE,"Enriched","Mrps18a","yes","yes",2517.44584335056,0.0320623455245407,0.194245139717263,0.83966169606703,0.936699388368427,"68565","Mrps18a","protein-coding",NA,NA,NA,NA,NA,NA,NA,NA,NA,NA,NA,NA,NA,NA,NA,NA,NA,NA,NA,NA,NA,NA,NA,NA,NA,NA,0.847553408565753,"GC",FALSE,"Enriched",""
"ENSMUSG00000024271",1364.3490173092,-0.589544333489864,0.233417398286501,0.000513577659314013,0.0472210034152829,"58523","Elp2","protein-coding","ENSG00000134759","Syndromic","S",1,6,"ELP2",55250,"NULL","ENSG00000134759","15443",18248,"18q12.2",0,"ID data freeze 650","6","NULL","Mendelian autosomal","recessive","1","non-syndromic ID","non-syndromic ID","0","NULL","chromatin, metabolism, RNA metabolism, transcription",0,0,-1.80423801394404,"Soma",TRUE,"Depleted","Elp2","yes","yes",9407.5115909289,0.201860555250434,0.125436920482378,0.0869514146906196,0.283036654537043,"58523","Elp2","protein-coding","ENSG00000134759","Syndromic","S",1,6,"ELP2",55250,"NULL","ENSG00000134759","15443",18248,"18q12.2",0,"ID data freeze 650","6","NULL","Mendelian autosomal","recessive","1","non-syndromic ID","non-syndromic ID","0","NULL","chromatin, metabolism, RNA metabolism, transcription",0,0,-1.80423801394404,"Soma",FALSE,"Enriched",""
"ENSMUSG00000024516",3432.00381022079,0.467590304738828,0.176956045521782,0.000435193442168854,0.0429100041617051,"66286","Sec11c","protein-coding",NA,NA,NA,NA,NA,NA,NA,NA,NA,NA,NA,NA,NA,NA,NA,NA,NA,NA,NA,NA,NA,NA,NA,NA,NA,NA,-0.175275663803648,"None",TRUE,"Enriched","Sec11c","yes","yes",4151.30391608309,-0.18561368374604,0.243533320109551,0.321594744786389,0.594548114015431,"66286","Sec11c","protein-coding",NA,NA,NA,NA,NA,NA,NA,NA,NA,NA,NA,NA,NA,NA,NA,NA,NA,NA,NA,NA,NA,NA,NA,NA,NA,NA,-0.175275663803648,"None",FALSE,"Depleted",""
"ENSMUSG00000024766",417.747390177055,-0.554369938192421,0.195091255517331,0.000234200161392004,0.0320806425155741,"381236","Lipo3","protein-coding",NA,NA,NA,NA,NA,NA,NA,NA,NA,NA,NA,NA,NA,NA,NA,NA,NA,NA,NA,NA,NA,NA,NA,NA,NA,NA,0.428405014271138,"None",TRUE,"Depleted","Lipo3","yes","yes",433.924710583476,-0.103873887687509,0.213944308323446,0.552919577994063,0.778807909862468,"381236","Lipo3","protein-coding",NA,NA,NA,NA,NA,NA,NA,NA,NA,NA,NA,NA,NA,NA,NA,NA,NA,NA,NA,NA,NA,NA,NA,NA,NA,NA,0.428405014271138,"None",FALSE,"Depleted",""
"ENSMUSG00000025466",362.508496172933,0.60932100389571,0.210193535707106,0.000169193088189195,0.0261062990327787,"69064","Fuom","protein-coding",NA,NA,NA,NA,NA,NA,NA,NA,NA,NA,NA,NA,NA,NA,NA,NA,NA,NA,NA,NA,NA,NA,NA,NA,NA,NA,2.49433548246057,"GC",TRUE,"Enriched","Fuom","yes","yes",66.8255320958118,0.0879831473594924,0.309790728586941,0.629354543433286,0.828633020746377,"69064","Fuom","protein-coding",NA,NA,NA,NA,NA,NA,NA,NA,NA,NA,NA,NA,NA,NA,NA,NA,NA,NA,NA,NA,NA,NA,NA,NA,NA,NA,2.49433548246057,"GC",FALSE,"Enriched",""
"ENSMUSG00000025739",405.548254377586,0.513234838774403,0.17411781552597,0.000171297247248539,0.0261306164439135,"64337","Gng13","protein-coding",NA,NA,NA,NA,NA,NA,NA,NA,NA,NA,NA,NA,NA,NA,NA,NA,NA,NA,NA,NA,NA,NA,NA,NA,NA,NA,3.34915516392742,"GC",TRUE,"Enriched","Gng13","yes","yes",34.4235495084756,-0.830472353426206,0.533429014196893,0.0110557492542795,0.069038278418906,"64337","Gng13","protein-coding",NA,NA,NA,NA,NA,NA,NA,NA,NA,NA,NA,NA,NA,NA,NA,NA,NA,NA,NA,NA,NA,NA,NA,NA,NA,NA,3.34915516392742,"GC",FALSE,"Depleted",""
"ENSMUSG00000025893",212.179553486449,0.621884014053415,0.243653337832369,0.000431562045839783,0.0429100041617051,"69149","Kbtbd3","protein-coding",NA,NA,NA,NA,NA,NA,NA,NA,NA,NA,NA,NA,NA,NA,NA,NA,NA,NA,NA,NA,NA,NA,NA,NA,NA,NA,-1.27281177800008,"Soma",TRUE,"Enriched","Kbtbd3","yes","yes",471.200492951872,-0.30540028259386,0.231521185968236,0.102998935788786,0.314471617368204,"69149","Kbtbd3","protein-coding",NA,NA,NA,NA,NA,NA,NA,NA,NA,NA,NA,NA,NA,NA,NA,NA,NA,NA,NA,NA,NA,NA,NA,NA,NA,NA,-1.27281177800008,"Soma",FALSE,"Depleted",""
"ENSMUSG00000026112",2029.0006095929,-0.508007268106463,0.14040291171406,1.91159806977555e-05,0.00728410815716345,"76178","Coa5","protein-coding",NA,NA,NA,NA,NA,NA,NA,NA,NA,NA,NA,NA,NA,NA,NA,NA,NA,NA,NA,NA,NA,NA,NA,NA,NA,NA,0.966709111523805,"GC",TRUE,"Depleted","Coa5","yes","yes",1810.57653063957,0.0476897516549551,0.202082270953834,0.781638603321668,0.909393938537225,"76178","Coa5","protein-coding",NA,NA,NA,NA,NA,NA,NA,NA,NA,NA,NA,NA,NA,NA,NA,NA,NA,NA,NA,NA,NA,NA,NA,NA,NA,NA,0.966709111523805,"GC",FALSE,"Enriched",""
"ENSMUSG00000027163",967.06935839694,0.390154311445191,0.136900384738636,0.000303452324710936,0.0384296604426378,"76501","Commd9","protein-coding",NA,NA,NA,NA,NA,NA,NA,NA,NA,NA,NA,NA,NA,NA,NA,NA,NA,NA,NA,NA,NA,NA,NA,NA,NA,NA,-0.282290374493508,"None",TRUE,"Enriched","Commd9","yes","yes",1428.79034969203,0.0660705283058819,0.210993172851455,0.706783685754567,0.872099228236361,"76501","Commd9","protein-coding",NA,NA,NA,NA,NA,NA,NA,NA,NA,NA,NA,NA,NA,NA,NA,NA,NA,NA,NA,NA,NA,NA,NA,NA,NA,NA,-0.282290374493508,"None",FALSE,"Enriched",""
"ENSMUSG00000027612",2324.31080322297,-0.503293610375103,0.151235822751332,5.45275426732402e-05,0.0133435816695185,"17391","Mmp24","protein-coding",NA,NA,NA,NA,NA,NA,NA,NA,NA,NA,NA,NA,NA,NA,NA,NA,NA,NA,NA,NA,NA,NA,NA,NA,NA,NA,-0.226471956823905,"None",TRUE,"Depleted","Mmp24","yes","yes",4928.93177166732,0.0400587593300368,0.244632864069623,0.842567620878564,0.938356973487128,"17391","Mmp24","protein-coding",NA,NA,NA,NA,NA,NA,NA,NA,NA,NA,NA,NA,NA,NA,NA,NA,NA,NA,NA,NA,NA,NA,NA,NA,NA,NA,-0.226471956823905,"None",FALSE,"Enriched",""
"ENSMUSG00000028656",733.495987502091,0.63305260708585,0.258278834873823,0.000537886439101233,0.0482820413930262,"12331","Cap1","protein-coding",NA,NA,NA,NA,NA,NA,NA,NA,NA,NA,NA,NA,NA,NA,NA,NA,NA,NA,NA,NA,NA,NA,NA,NA,NA,NA,0.0710046339489284,"None",TRUE,"Enriched","Cap1","yes","yes",892.456766139606,0.0335875202998518,0.242605132506418,0.858570035743374,0.945411210393375,"12331","Cap1","protein-coding",NA,NA,NA,NA,NA,NA,NA,NA,NA,NA,NA,NA,NA,NA,NA,NA,NA,NA,NA,NA,NA,NA,NA,NA,NA,NA,0.0710046339489284,"None",FALSE,"Enriched",""
"ENSMUSG00000028795",1732.20215540785,0.472791603229927,0.1494461512759,9.09759020486866e-05,0.01672959601509,"66264","Ccdc28b","protein-coding",NA,NA,NA,NA,NA,NA,NA,NA,NA,NA,NA,NA,NA,NA,NA,NA,NA,NA,NA,NA,NA,NA,NA,NA,NA,NA,-0.00696432098479777,"None",TRUE,"Enriched","Ccdc28b","yes","yes",2421.69451598075,0.237866786154966,0.180158232859893,0.142859871808657,0.381905402066885,"66264","Ccdc28b","protein-coding",NA,NA,NA,NA,NA,NA,NA,NA,NA,NA,NA,NA,NA,NA,NA,NA,NA,NA,NA,NA,NA,NA,NA,NA,NA,NA,-0.00696432098479777,"None",FALSE,"Enriched",""
"ENSMUSG00000028821",1172.45736147513,0.421488375973611,0.159856724480662,0.000526872446434489,0.0477887548711931,"68592","Syf2","protein-coding",NA,NA,NA,NA,NA,NA,NA,NA,NA,NA,NA,NA,NA,NA,NA,NA,NA,NA,NA,NA,NA,NA,NA,NA,NA,NA,0.867027184766369,"GC",TRUE,"Enriched","Syf2","yes","yes",921.328006819846,0.291650964666256,0.264697260764354,0.143854067308577,0.38315988731272,"68592","Syf2","protein-coding",NA,NA,NA,NA,NA,NA,NA,NA,NA,NA,NA,NA,NA,NA,NA,NA,NA,NA,NA,NA,NA,NA,NA,NA,NA,NA,0.867027184766369,"GC",FALSE,"Enriched",""
"ENSMUSG00000029059",1455.17205115393,0.540182708274954,0.159213415556637,3.70731289571814e-05,0.0105887166621533,"66469","Prxl2b","protein-coding",NA,NA,NA,NA,NA,NA,NA,NA,NA,NA,NA,NA,NA,NA,NA,NA,NA,NA,NA,NA,NA,NA,NA,NA,NA,NA,-0.0186499154447762,"None",TRUE,"Enriched","Prxl2b","yes","yes",1746.5353809643,0.112898139397276,0.18730449722891,0.49537882039156,0.73937102965014,"66469","Prxl2b","protein-coding",NA,NA,NA,NA,NA,NA,NA,NA,NA,NA,NA,NA,NA,NA,NA,NA,NA,NA,NA,NA,NA,NA,NA,NA,NA,NA,-0.0186499154447762,"None",FALSE,"Enriched",""
"ENSMUSG00000029088",688.380865955273,-0.439917493756942,0.153611611383889,0.000268802365127679,0.0353010767860421,"80334","Kcnip4","protein-coding",NA,NA,NA,NA,NA,NA,NA,NA,NA,NA,NA,NA,NA,NA,NA,NA,NA,NA,NA,NA,NA,NA,NA,NA,NA,NA,-0.14394404070936,"None",TRUE,"Depleted","Kcnip4","yes","yes",1493.09514756532,0.381623878542671,0.188539751309424,0.0199527040719414,0.105896473651542,"80334","Kcnip4","protein-coding",NA,NA,NA,NA,NA,NA,NA,NA,NA,NA,NA,NA,NA,NA,NA,NA,NA,NA,NA,NA,NA,NA,NA,NA,NA,NA,-0.14394404070936,"None",FALSE,"Enriched",""
"ENSMUSG00000029725",309.309352604678,0.664386199013871,0.190501013801178,2.3925328844838e-05,0.00823522088238731,"69871","Ppp1r35","protein-coding",NA,NA,NA,NA,NA,NA,NA,NA,NA,NA,NA,NA,NA,NA,NA,NA,NA,NA,NA,NA,NA,NA,NA,NA,NA,NA,-0.234412690305487,"None",TRUE,"Enriched","Ppp1r35","yes","yes",448.510048218048,0.376262485051385,0.223230161391137,0.0414653002277512,0.174318939033419,"69871","Ppp1r35","protein-coding",NA,NA,NA,NA,NA,NA,NA,NA,NA,NA,NA,NA,NA,NA,NA,NA,NA,NA,NA,NA,NA,NA,NA,NA,NA,NA,-0.234412690305487,"None",FALSE,"Enriched",""
"ENSMUSG00000031864",511.559677072243,-0.506656438259893,0.167481575857011,0.000145465086202836,0.0235165325901515,"70885","Ints10","protein-coding",NA,NA,NA,NA,NA,NA,NA,NA,NA,NA,NA,NA,NA,NA,NA,NA,NA,NA,NA,NA,NA,NA,NA,NA,NA,NA,-2.58914917137386,"Soma",TRUE,"Depleted","Ints10","yes","yes",4422.96080123562,-0.121600192721244,0.100691731293009,0.196714723529487,0.459415364815679,"70885","Ints10","protein-coding",NA,NA,NA,NA,NA,NA,NA,NA,NA,NA,NA,NA,NA,NA,NA,NA,NA,NA,NA,NA,NA,NA,NA,NA,NA,NA,-2.58914917137386,"Soma",FALSE,"Depleted",""
"ENSMUSG00000033417",558.600642354358,-0.606003941943306,0.224672954997644,0.00032355052771389,0.0394849298548296,"78832","Cacul1","protein-coding",NA,NA,NA,NA,NA,NA,NA,NA,NA,NA,NA,NA,NA,NA,NA,NA,NA,NA,NA,NA,NA,NA,NA,NA,NA,NA,-0.0250944652920139,"None",TRUE,"Depleted","Cacul1","yes","yes",864.418974912856,-0.177284448326684,0.247999506034464,0.351851000608948,0.621467457811928,"78832","Cacul1","protein-coding",NA,NA,NA,NA,NA,NA,NA,NA,NA,NA,NA,NA,NA,NA,NA,NA,NA,NA,NA,NA,NA,NA,NA,NA,NA,NA,-0.0250944652920139,"None",FALSE,"Depleted",""
"ENSMUSG00000033763",2337.31915381803,-0.441397580764327,0.15665050232761,0.000331073826211791,0.0400390544420458,"244654","Mtss2","protein-coding",NA,NA,NA,NA,NA,NA,NA,NA,NA,NA,NA,NA,NA,NA,NA,NA,NA,NA,NA,NA,NA,NA,NA,NA,NA,NA,1.13608530741907,"GC",TRUE,"Depleted","Mtss2","yes","yes",1971.80942840236,0.225337127856975,0.284313468131915,0.265393104574357,0.540351264084821,"244654","Mtss2","protein-coding",NA,NA,NA,NA,NA,NA,NA,NA,NA,NA,NA,NA,NA,NA,NA,NA,NA,NA,NA,NA,NA,NA,NA,NA,NA,NA,1.13608530741907,"GC",FALSE,"Enriched",""
"ENSMUSG00000034173",2170.88002415803,0.494051135611479,0.186901969700047,0.000410096576879247,0.0427331230402049,"71970","Zbed5","protein-coding",NA,NA,NA,NA,NA,NA,NA,NA,NA,NA,NA,NA,NA,NA,NA,NA,NA,NA,NA,NA,NA,NA,NA,NA,NA,NA,-0.523959901122558,"Soma",TRUE,"Enriched","Zbed5","yes","yes",3850.76794295158,0.296951345003247,0.204025496711976,0.0846808739965374,0.278682634827723,"71970","Zbed5","protein-coding",NA,NA,NA,NA,NA,NA,NA,NA,NA,NA,NA,NA,NA,NA,NA,NA,NA,NA,NA,NA,NA,NA,NA,NA,NA,NA,-0.523959901122558,"Soma",FALSE,"Enriched",""
"ENSMUSG00000034845",325.177045573458,0.876193511629229,0.292515587295564,0.000100135066015623,0.0174885440352479,"84094","Plvap","protein-coding",NA,NA,NA,NA,NA,NA,NA,NA,NA,NA,NA,NA,NA,NA,NA,NA,NA,NA,NA,NA,NA,NA,NA,NA,NA,NA,0.324989948871909,"None",TRUE,"Enriched","Plvap","yes","yes",363.499723415083,0.855087801751672,0.310440856029531,0.000694723850750571,0.00812286771553188,"84094","Plvap","protein-coding",NA,NA,NA,NA,NA,NA,NA,NA,NA,NA,NA,NA,NA,NA,NA,NA,NA,NA,NA,NA,NA,NA,NA,NA,NA,NA,0.324989948871909,"None",TRUE,"Enriched","Plvap"
"ENSMUSG00000035048",1692.74435666975,0.516255124116811,0.167484802606549,0.000109255531398776,0.0183330781687145,"69010","Anapc13","protein-coding",NA,NA,NA,NA,NA,NA,NA,NA,NA,NA,NA,NA,NA,NA,NA,NA,NA,NA,NA,NA,NA,NA,NA,NA,NA,NA,1.56615680687382,"GC",TRUE,"Enriched","Anapc13","yes","yes",719.159513288559,0.0987783706874849,0.208145027015615,0.569696982116628,0.790501171298343,"69010","Anapc13","protein-coding",NA,NA,NA,NA,NA,NA,NA,NA,NA,NA,NA,NA,NA,NA,NA,NA,NA,NA,NA,NA,NA,NA,NA,NA,NA,NA,1.56615680687382,"GC",FALSE,"Enriched",""
"ENSMUSG00000035202",587741.380869656,-0.565634705461093,0.170437858863201,5.03152139048205e-05,0.0129707539494131,"102436","Lars2","protein-coding",NA,NA,NA,NA,NA,NA,NA,NA,NA,NA,NA,NA,NA,NA,NA,NA,NA,NA,NA,NA,NA,NA,NA,NA,NA,NA,3.88544395389192,"GC",TRUE,"Depleted","Lars2","yes","yes",81408.4077118798,0.275139347446757,0.316536399978273,0.18912782284857,0.449201754170125,"102436","Lars2","protein-coding",NA,NA,NA,NA,NA,NA,NA,NA,NA,NA,NA,NA,NA,NA,NA,NA,NA,NA,NA,NA,NA,NA,NA,NA,NA,NA,3.88544395389192,"GC",FALSE,"Enriched",""
"ENSMUSG00000035278",1964.11273179527,0.409015786837573,0.147307624666653,0.000351893575050826,0.0415579106616339,"78670","Plekhj1","protein-coding",NA,NA,NA,NA,NA,NA,NA,NA,NA,NA,NA,NA,NA,NA,NA,NA,NA,NA,NA,NA,NA,NA,NA,NA,NA,NA,0.335102264955577,"None",TRUE,"Enriched","Plekhj1","yes","yes",1799.06822494491,-0.0951720146604595,0.185453951341925,0.55258412117213,0.778652623346008,"78670","Plekhj1","protein-coding",NA,NA,NA,NA,NA,NA,NA,NA,NA,NA,NA,NA,NA,NA,NA,NA,NA,NA,NA,NA,NA,NA,NA,NA,NA,NA,0.335102264955577,"None",FALSE,"Depleted",""
"ENSMUSG00000036898",920.839755487017,-0.53295513814492,0.189323774961742,0.000243268494264469,0.0329862249192549,"72154","Zfp157","protein-coding",NA,NA,NA,NA,NA,NA,NA,NA,NA,NA,NA,NA,NA,NA,NA,NA,NA,NA,NA,NA,NA,NA,NA,NA,NA,NA,-0.439454807615726,"None",TRUE,"Depleted","Zfp157","yes","yes",1895.89649829311,-0.333075909941154,0.196861988560175,0.0484126906978121,0.192573355227379,"72154","Zfp157","protein-coding",NA,NA,NA,NA,NA,NA,NA,NA,NA,NA,NA,NA,NA,NA,NA,NA,NA,NA,NA,NA,NA,NA,NA,NA,NA,NA,-0.439454807615726,"None",FALSE,"Depleted",""
"ENSMUSG00000037075",498.08962195072,-0.481121230548402,0.179533712803409,0.000410223041689532,0.0427331230402049,"75841","Rnf139","protein-coding",NA,NA,NA,NA,NA,NA,NA,NA,NA,NA,NA,NA,NA,NA,NA,NA,NA,NA,NA,NA,NA,NA,NA,NA,NA,NA,-0.615992605382352,"Soma",TRUE,"Depleted","Rnf139","yes","yes",1158.45985198331,-0.274825302299371,0.127940059285124,0.0216956205515031,0.112695260063382,"75841","Rnf139","protein-coding",NA,NA,NA,NA,NA,NA,NA,NA,NA,NA,NA,NA,NA,NA,NA,NA,NA,NA,NA,NA,NA,NA,NA,NA,NA,NA,-0.615992605382352,"Soma",FALSE,"Depleted",""
"ENSMUSG00000037503",2797.61168370518,-0.42428117778021,0.122927740327162,4.11231528388764e-05,0.0115007750772724,"214469","Fam168b","protein-coding",NA,NA,NA,NA,NA,NA,NA,NA,NA,NA,NA,NA,NA,NA,NA,NA,NA,NA,NA,NA,NA,NA,NA,NA,NA,NA,-0.632002307580909,"Soma",TRUE,"Depleted","Fam168b","yes","yes",8156.47570109928,0.214627143330177,0.214876489945032,0.22834167910021,0.497076834826712,"214469","Fam168b","protein-coding",NA,NA,NA,NA,NA,NA,NA,NA,NA,NA,NA,NA,NA,NA,NA,NA,NA,NA,NA,NA,NA,NA,NA,NA,NA,NA,-0.632002307580909,"Soma",FALSE,"Enriched",""
"ENSMUSG00000037531",1013.50586092174,0.530521166796552,0.183842790587586,0.000197103699832405,0.0290760446873649,"74600","Mrpl47","protein-coding",NA,NA,NA,NA,NA,NA,NA,NA,NA,NA,NA,NA,NA,NA,NA,NA,NA,NA,NA,NA,NA,NA,NA,NA,NA,NA,0.251251537680122,"None",TRUE,"Enriched","Mrpl47","yes","yes",1021.87723148397,-0.151535506924288,0.161241196736223,0.294744619012572,0.570215939998762,"74600","Mrpl47","protein-coding",NA,NA,NA,NA,NA,NA,NA,NA,NA,NA,NA,NA,NA,NA,NA,NA,NA,NA,NA,NA,NA,NA,NA,NA,NA,NA,0.251251537680122,"None",FALSE,"Depleted",""
"ENSMUSG00000037568",1227.43861965336,-0.403923431508018,0.120582939601221,6.16799425279467e-05,0.0137613576541877,"226841","Vash2","protein-coding",NA,NA,NA,NA,NA,NA,NA,NA,NA,NA,NA,NA,NA,NA,NA,NA,NA,NA,NA,NA,NA,NA,NA,NA,NA,NA,-1.7075292866717,"Soma",TRUE,"Depleted","Vash2","yes","yes",6152.39744875113,-0.216491223668261,0.129213144365159,0.0735059812480479,0.254343292144547,"226841","Vash2","protein-coding",NA,NA,NA,NA,NA,NA,NA,NA,NA,NA,NA,NA,NA,NA,NA,NA,NA,NA,NA,NA,NA,NA,NA,NA,NA,NA,-1.7075292866717,"Soma",FALSE,"Depleted",""
"ENSMUSG00000038366",3452.9075316033,-0.525888409509539,0.121224463752262,9.49530299793576e-07,0.000509859789777159,"16796","Lasp1","protein-coding",NA,NA,NA,NA,NA,NA,NA,NA,NA,NA,NA,NA,NA,NA,NA,NA,NA,NA,NA,NA,NA,NA,NA,NA,NA,NA,-0.157202821812156,"None",TRUE,"Depleted","Lasp1","yes","yes",6531.46946644878,0.0996695539554627,0.230655865413198,0.587090503845692,0.801294241871325,"16796","Lasp1","protein-coding",NA,NA,NA,NA,NA,NA,NA,NA,NA,NA,NA,NA,NA,NA,NA,NA,NA,NA,NA,NA,NA,NA,NA,NA,NA,NA,-0.157202821812156,"None",FALSE,"Enriched",""
"ENSMUSG00000039105",4433.61798116722,0.457252660517028,0.12911121484099,2.54865747446772e-05,0.00826162220156109,"66290","Atp6v1g1","protein-coding",NA,NA,NA,NA,NA,NA,NA,NA,NA,NA,NA,NA,NA,NA,NA,NA,NA,NA,NA,NA,NA,NA,NA,NA,NA,NA,-0.220859746306014,"None",TRUE,"Enriched","Atp6v1g1","yes","yes",6726.81459886509,0.220647738503083,0.243153955402027,0.247434537468324,0.52035976718903,"66290","Atp6v1g1","protein-coding",NA,NA,NA,NA,NA,NA,NA,NA,NA,NA,NA,NA,NA,NA,NA,NA,NA,NA,NA,NA,NA,NA,NA,NA,NA,NA,-0.220859746306014,"None",FALSE,"Enriched",""
"ENSMUSG00000040767",1561.56369175018,0.400892879750317,0.122303464954147,7.81905542536334e-05,0.0156745017182575,"78372","Snrnp25","protein-coding",NA,NA,NA,NA,NA,NA,NA,NA,NA,NA,NA,NA,NA,NA,NA,NA,NA,NA,NA,NA,NA,NA,NA,NA,NA,NA,0.720072619433637,"GC",TRUE,"Enriched","Snrnp25","yes","yes",1085.37111132086,0.105759059325027,0.207319909086896,0.54628257868373,0.775283951238361,"78372","Snrnp25","protein-coding",NA,NA,NA,NA,NA,NA,NA,NA,NA,NA,NA,NA,NA,NA,NA,NA,NA,NA,NA,NA,NA,NA,NA,NA,NA,NA,0.720072619433637,"GC",FALSE,"Enriched",""
"ENSMUSG00000040782",4009.91914725026,-0.431886335377867,0.157319296619236,0.00038271411924836,0.0427331230402049,"26374","Cop1","protein-coding",NA,NA,NA,NA,NA,NA,NA,NA,NA,NA,NA,NA,NA,NA,NA,NA,NA,NA,NA,NA,NA,NA,NA,NA,NA,NA,0.0464322933598532,"None",TRUE,"Depleted","Cop1","yes","yes",5779.4976195803,-0.121444567882939,0.144558640916428,0.360705841163486,0.628640630787321,"26374","Cop1","protein-coding",NA,NA,NA,NA,NA,NA,NA,NA,NA,NA,NA,NA,NA,NA,NA,NA,NA,NA,NA,NA,NA,NA,NA,NA,NA,NA,0.0464322933598532,"None",FALSE,"Depleted",""
"ENSMUSG00000041890",461.726039918518,-0.438532480210612,0.16070840510349,0.000393587481106947,0.0427331230402049,"26431","Git2","protein-coding",NA,NA,NA,NA,NA,NA,NA,NA,NA,NA,NA,NA,NA,NA,NA,NA,NA,NA,NA,NA,NA,NA,NA,NA,NA,NA,-0.659922343287975,"Soma",TRUE,"Depleted","Git2","yes","yes",1069.86239018111,-0.104418347980481,0.194106979623886,0.519054569590449,0.756545310929006,"26431","Git2","protein-coding",NA,NA,NA,NA,NA,NA,NA,NA,NA,NA,NA,NA,NA,NA,NA,NA,NA,NA,NA,NA,NA,NA,NA,NA,NA,NA,-0.659922343287975,"Soma",FALSE,"Depleted",""
"ENSMUSG00000042599",171.578956222961,-0.999398943237982,0.314480986575978,6.21027795275893e-05,0.0137613576541877,"338523","Kdm7a","protein-coding",NA,NA,NA,NA,NA,NA,NA,NA,NA,NA,NA,NA,NA,NA,NA,NA,NA,NA,NA,NA,NA,NA,NA,NA,NA,NA,-0.119414630676395,"None",TRUE,"Depleted","Kdm7a","yes","yes",341.141692912338,-0.578507598631925,0.337568131908866,0.0184090545918927,0.100031228700398,"338523","Kdm7a","protein-coding",NA,NA,NA,NA,NA,NA,NA,NA,NA,NA,NA,NA,NA,NA,NA,NA,NA,NA,NA,NA,NA,NA,NA,NA,NA,NA,-0.119414630676395,"None",FALSE,"Depleted",""
"ENSMUSG00000042682",11594.2377995473,0.491756791615064,0.1813201286475,0.000341216038058117,0.04089717941868,"80795","Selenok","protein-coding",NA,NA,NA,NA,NA,NA,NA,NA,NA,NA,NA,NA,NA,NA,NA,NA,NA,NA,NA,NA,NA,NA,NA,NA,NA,NA,0.552074227529784,"GC",TRUE,"Enriched","Selenok","yes","yes",9547.31656771906,-0.0592310699307514,0.222196188699137,0.74470141853484,0.891434901994216,"80795","Selenok","protein-coding",NA,NA,NA,NA,NA,NA,NA,NA,NA,NA,NA,NA,NA,NA,NA,NA,NA,NA,NA,NA,NA,NA,NA,NA,NA,NA,0.552074227529784,"GC",FALSE,"Depleted",""
"ENSMUSG00000042724",228.664327111004,-0.919647472458651,0.365867786911191,0.000458090900806813,0.0436128528541181,"338372","Map3k9","protein-coding",NA,NA,NA,NA,NA,NA,NA,NA,NA,NA,NA,NA,NA,NA,NA,NA,NA,NA,NA,NA,NA,NA,NA,NA,NA,NA,-0.577520048970026,"None",TRUE,"Depleted","Map3k9","yes","yes",638.586483773117,-0.17523509412619,0.273753797288776,0.367493804890348,0.634939379560963,"338372","Map3k9","protein-coding",NA,NA,NA,NA,NA,NA,NA,NA,NA,NA,NA,NA,NA,NA,NA,NA,NA,NA,NA,NA,NA,NA,NA,NA,NA,NA,-0.577520048970026,"None",FALSE,"Depleted",""
"ENSMUSG00000043262",89.5931011404518,-0.904215587697262,0.351482656805521,0.000384333434244137,0.0427331230402049,"54122","Uevld","protein-coding",NA,NA,NA,NA,NA,NA,NA,NA,NA,NA,NA,NA,NA,NA,NA,NA,NA,NA,NA,NA,NA,NA,NA,NA,NA,NA,-0.881418712941684,"Soma",TRUE,"Depleted","Uevld","yes","yes",274.919963245365,-0.438320227654102,0.268869464486695,0.0361088218951989,0.159811035162717,"54122","Uevld","protein-coding",NA,NA,NA,NA,NA,NA,NA,NA,NA,NA,NA,NA,NA,NA,NA,NA,NA,NA,NA,NA,NA,NA,NA,NA,NA,NA,-0.881418712941684,"Soma",FALSE,"Depleted",""
"ENSMUSG00000046157",2692.90334879284,-0.42498401881687,0.132706191285169,9.87482189701143e-05,0.0174885440352479,"268567","Tmem229b","protein-coding",NA,NA,NA,NA,NA,NA,NA,NA,NA,NA,NA,NA,NA,NA,NA,NA,NA,NA,NA,NA,NA,NA,NA,NA,NA,NA,0.209072638332638,"None",TRUE,"Depleted","Tmem229b","yes","yes",4384.44473171659,0.165344127848139,0.238834049318295,0.376413985346694,0.643250658708512,"268567","Tmem229b","protein-coding",NA,NA,NA,NA,NA,NA,NA,NA,NA,NA,NA,NA,NA,NA,NA,NA,NA,NA,NA,NA,NA,NA,NA,NA,NA,NA,0.209072638332638,"None",FALSE,"Enriched",""
"ENSMUSG00000047139",18540.6984690369,-0.301770456124351,0.0952528352750636,0.000163005366372648,0.0254440004440282,"12484","Cd24a","protein-coding",NA,NA,NA,NA,NA,NA,NA,NA,NA,NA,NA,NA,NA,NA,NA,NA,NA,NA,NA,NA,NA,NA,NA,NA,NA,NA,0.102464216345033,"None",TRUE,"Depleted","Cd24a","yes","yes",32927.9867426039,0.192607784541835,0.236693563392211,0.302619247272128,0.576173518380863,"12484","Cd24a","protein-coding",NA,NA,NA,NA,NA,NA,NA,NA,NA,NA,NA,NA,NA,NA,NA,NA,NA,NA,NA,NA,NA,NA,NA,NA,NA,NA,0.102464216345033,"None",FALSE,"Enriched",""
"ENSMUSG00000047721",2945.89416532075,0.460145869058211,0.175195896883028,0.000453306991569432,0.0434656646773433,"66162","Bola2","protein-coding",NA,NA,NA,NA,NA,NA,NA,NA,NA,NA,NA,NA,NA,NA,NA,NA,NA,NA,NA,NA,NA,NA,NA,NA,NA,NA,1.10762159992832,"GC",TRUE,"Enriched","Bola2","yes","yes",1621.6020008616,0.167504570370035,0.211669785013466,0.340523112342256,0.611550567265298,"66162","Bola2","protein-coding",NA,NA,NA,NA,NA,NA,NA,NA,NA,NA,NA,NA,NA,NA,NA,NA,NA,NA,NA,NA,NA,NA,NA,NA,NA,NA,1.10762159992832,"GC",FALSE,"Enriched",""
"ENSMUSG00000048310",165.687016287289,-0.734889622821355,0.231999221073165,7.03440466747423e-05,0.0150631093345102,"244631","Pskh1","protein-coding",NA,NA,NA,NA,NA,NA,NA,NA,NA,NA,NA,NA,NA,NA,NA,NA,NA,NA,NA,NA,NA,NA,NA,NA,NA,NA,0.308738421582225,"None",TRUE,"Depleted","Pskh1","yes","yes",223.240526965232,-0.101039712025917,0.20477568784022,0.555723472254267,0.780805801287148,"244631","Pskh1","protein-coding",NA,NA,NA,NA,NA,NA,NA,NA,NA,NA,NA,NA,NA,NA,NA,NA,NA,NA,NA,NA,NA,NA,NA,NA,NA,NA,0.308738421582225,"None",FALSE,"Depleted",""
"ENSMUSG00000050908",429.710116570093,-0.65655802506858,0.230643461321627,0.000204982990903367,0.0292733156370937,"383103","Tvp23a","protein-coding",NA,NA,NA,NA,NA,NA,NA,NA,NA,NA,NA,NA,NA,NA,NA,NA,NA,NA,NA,NA,NA,NA,NA,NA,NA,NA,-0.793510485876394,"Soma",TRUE,"Depleted","Tvp23a","yes","yes",1292.45641928159,0.031116325442619,0.176580970663807,0.843494294437712,0.938813627220741,"383103","Tvp23a","protein-coding",NA,NA,NA,NA,NA,NA,NA,NA,NA,NA,NA,NA,NA,NA,NA,NA,NA,NA,NA,NA,NA,NA,NA,NA,NA,NA,-0.793510485876394,"Soma",FALSE,"Enriched",""
"ENSMUSG00000050989",428.869083771013,-0.674058106316939,0.198832907924449,3.49306772788102e-05,0.0104202091509055,"74777","Selenon","protein-coding",NA,NA,NA,NA,NA,NA,NA,NA,NA,NA,NA,NA,NA,NA,NA,NA,NA,NA,NA,NA,NA,NA,NA,NA,NA,NA,-0.907847445033446,"Soma",TRUE,"Depleted","Selenon","yes","yes",1609.27039396063,0.0971205962489198,0.236315343093441,0.600234812051745,0.809945563836655,"74777","Selenon","protein-coding",NA,NA,NA,NA,NA,NA,NA,NA,NA,NA,NA,NA,NA,NA,NA,NA,NA,NA,NA,NA,NA,NA,NA,NA,NA,NA,-0.907847445033446,"Soma",FALSE,"Enriched",""
"ENSMUSG00000052305",1765.18457883002,0.872104842085244,0.145464456540165,8.37825019562472e-11,2.81174076565166e-07,"15129","Hbb-b1","protein-coding",NA,NA,NA,NA,NA,NA,NA,NA,NA,NA,NA,NA,NA,NA,NA,NA,NA,NA,NA,NA,NA,NA,NA,NA,NA,NA,1.758737491513,"GC",TRUE,"Enriched","Hbb-b1","yes","yes",376.574799039173,-0.0431983570769696,0.35084458025341,0.730791211404849,0.88530286113234,"15129","Hbb-b1","protein-coding",NA,NA,NA,NA,NA,NA,NA,NA,NA,NA,NA,NA,NA,NA,NA,NA,NA,NA,NA,NA,NA,NA,NA,NA,NA,NA,1.758737491513,"GC",FALSE,"Depleted",""
"ENSMUSG00000052852",6463.45152577146,-0.462139416906972,0.124967918092479,1.65784475077983e-05,0.00677725166195614,"52250","Reep1","protein-coding",NA,NA,NA,NA,NA,NA,NA,NA,NA,NA,NA,NA,NA,NA,NA,NA,NA,NA,NA,NA,NA,NA,NA,NA,NA,NA,-0.506396705538742,"Soma",TRUE,"Depleted","Reep1","yes","yes",15855.7975747139,0.106025440978089,0.149853657068006,0.440621289546334,0.697680518410944,"52250","Reep1","protein-coding",NA,NA,NA,NA,NA,NA,NA,NA,NA,NA,NA,NA,NA,NA,NA,NA,NA,NA,NA,NA,NA,NA,NA,NA,NA,NA,-0.506396705538742,"Soma",FALSE,"Enriched",""
"ENSMUSG00000052949",3831.40469862101,-0.374710499566638,0.117648397232752,0.000100314775847633,0.0174885440352479,"217340","Rnf157","protein-coding",NA,NA,NA,NA,NA,NA,NA,NA,NA,NA,NA,NA,NA,NA,NA,NA,NA,NA,NA,NA,NA,NA,NA,NA,NA,NA,-0.39468464521282,"None",TRUE,"Depleted","Rnf157","yes","yes",8154.26367485906,-0.0180483763939483,0.217781459295607,0.918404852787029,0.969065786021993,"217340","Rnf157","protein-coding",NA,NA,NA,NA,NA,NA,NA,NA,NA,NA,NA,NA,NA,NA,NA,NA,NA,NA,NA,NA,NA,NA,NA,NA,NA,NA,-0.39468464521282,"None",FALSE,"Depleted",""
"ENSMUSG00000054000",672.678695343934,0.600419866890377,0.20418217983254,0.000147153511440161,0.0235165325901515,"69136","Tusc1","protein-coding",NA,NA,NA,NA,NA,NA,NA,NA,NA,NA,NA,NA,NA,NA,NA,NA,NA,NA,NA,NA,NA,NA,NA,NA,NA,NA,1.75320880961028,"GC",TRUE,"Enriched","Tusc1","yes","yes",204.372255184971,-0.426423530124209,0.235090747874094,0.0271798027899664,0.131679560521067,"69136","Tusc1","protein-coding",NA,NA,NA,NA,NA,NA,NA,NA,NA,NA,NA,NA,NA,NA,NA,NA,NA,NA,NA,NA,NA,NA,NA,NA,NA,NA,1.75320880961028,"GC",FALSE,"Depleted",""
"ENSMUSG00000058291",1897.75424027671,-0.397408857657487,0.109285300608123,2.23961563221328e-05,0.00812556763427868,"24135","Zfp68","protein-coding",NA,NA,NA,NA,NA,NA,NA,NA,NA,NA,NA,NA,NA,NA,NA,NA,NA,NA,NA,NA,NA,NA,NA,NA,NA,NA,-0.59173368231327,"Soma",TRUE,"Depleted","Zfp68","yes","yes",3950.94599929984,-0.498157036913753,0.176772115045895,0.00158553528118586,0.0156656920441952,"24135","Zfp68","protein-coding",NA,NA,NA,NA,NA,NA,NA,NA,NA,NA,NA,NA,NA,NA,NA,NA,NA,NA,NA,NA,NA,NA,NA,NA,NA,NA,-0.59173368231327,"Soma",TRUE,"Depleted","Zfp68"
"ENSMUSG00000058638",483.301058763402,-0.50407561584533,0.188917630990175,0.000410650541730217,0.0427331230402049,"65020","Zfp110","protein-coding",NA,NA,NA,NA,NA,NA,NA,NA,NA,NA,NA,NA,NA,NA,NA,NA,NA,NA,NA,NA,NA,NA,NA,NA,NA,NA,-0.731574836197194,"Soma",TRUE,"Depleted","Zfp110","yes","yes",1301.16795658778,-0.201328761265128,0.126471459003099,0.088704556480912,0.286645049651921,"65020","Zfp110","protein-coding",NA,NA,NA,NA,NA,NA,NA,NA,NA,NA,NA,NA,NA,NA,NA,NA,NA,NA,NA,NA,NA,NA,NA,NA,NA,NA,-0.731574836197194,"Soma",FALSE,"Depleted",""
"ENSMUSG00000061436",761.576957268149,-0.506660254748507,0.162774884937552,0.000108894182165322,0.0183330781687145,"15258","Hipk2","protein-coding",NA,NA,NA,NA,NA,NA,NA,NA,NA,NA,NA,NA,NA,NA,NA,NA,NA,NA,NA,NA,NA,NA,NA,NA,NA,NA,0.664699728678593,"GC",TRUE,"Depleted","Hipk2","yes","yes",863.205857571384,0.0706977559283822,0.202544568123741,0.681032771947222,0.858730008399705,"15258","Hipk2","protein-coding",NA,NA,NA,NA,NA,NA,NA,NA,NA,NA,NA,NA,NA,NA,NA,NA,NA,NA,NA,NA,NA,NA,NA,NA,NA,NA,0.664699728678593,"GC",FALSE,"Enriched",""
"ENSMUSG00000061950",855.775501618735,-0.460642357068869,0.178600420449253,0.000569927875869166,0.0495342124389549,"70351","Ppp4r1","protein-coding",NA,NA,NA,NA,NA,NA,NA,NA,NA,NA,NA,NA,NA,NA,NA,NA,NA,NA,NA,NA,NA,NA,NA,NA,NA,NA,-0.94943944695577,"Soma",TRUE,"Depleted","Ppp4r1","yes","yes",2378.04835141318,-0.159797100806603,0.165594945548707,0.282411085885542,0.55789066464645,"70351","Ppp4r1","protein-coding",NA,NA,NA,NA,NA,NA,NA,NA,NA,NA,NA,NA,NA,NA,NA,NA,NA,NA,NA,NA,NA,NA,NA,NA,NA,NA,-0.94943944695577,"Soma",FALSE,"Depleted",""
"ENSMUSG00000063015",18940.8617399639,-0.503773645954969,0.155501370300772,7.18145856234098e-05,0.0150631093345102,"12453","Ccni","protein-coding",NA,NA,NA,NA,NA,NA,NA,NA,NA,NA,NA,NA,NA,NA,NA,NA,NA,NA,NA,NA,NA,NA,NA,NA,NA,NA,2.20955268002522,"GC",TRUE,"Depleted","Ccni","yes","yes",6706.69776094707,-0.0942737078705118,0.158904225687415,0.507877231714183,0.748244774998951,"12453","Ccni","protein-coding",NA,NA,NA,NA,NA,NA,NA,NA,NA,NA,NA,NA,NA,NA,NA,NA,NA,NA,NA,NA,NA,NA,NA,NA,NA,NA,2.20955268002522,"GC",FALSE,"Depleted",""
"ENSMUSG00000063146",422.179115145829,-0.521046858289208,0.161189904331733,7.12106075972018e-05,0.0150631093345102,"269713","Clip2","protein-coding","ENSG00000106665","Genetic Association","3",0,1,NA,NA,NA,NA,NA,NA,NA,NA,NA,NA,NA,NA,NA,NA,NA,NA,NA,NA,NA,NA,NA,-0.424177951370721,"None",TRUE,"Depleted","Clip2","yes","yes",952.236729860643,-0.060042829620532,0.218979471304404,0.733474491839087,0.886210108583496,"269713","Clip2","protein-coding","ENSG00000106665","Genetic Association","3",0,1,NA,NA,NA,NA,NA,NA,NA,NA,NA,NA,NA,NA,NA,NA,NA,NA,NA,NA,NA,NA,NA,-0.424177951370721,"None",FALSE,"Depleted",""
"ENSMUSG00000063568",1973.53931758155,-0.532522626850872,0.1202395532783,6.23716456805665e-07,0.000380580441643602,"231986","Jazf1","protein-coding",NA,NA,NA,NA,NA,NA,NA,NA,NA,NA,NA,NA,NA,NA,NA,NA,NA,NA,NA,NA,NA,NA,NA,NA,NA,NA,0.161879457192259,"None",TRUE,"Depleted","Jazf1","yes","yes",2771.0680284421,0.0935300615237677,0.145860978593396,0.492566785630315,0.737067388034155,"231986","Jazf1","protein-coding",NA,NA,NA,NA,NA,NA,NA,NA,NA,NA,NA,NA,NA,NA,NA,NA,NA,NA,NA,NA,NA,NA,NA,NA,NA,NA,0.161879457192259,"None",FALSE,"Enriched",""
"ENSMUSG00000064345",2485.64361712235,-0.583317948911667,0.152476938618492,7.62371449287465e-06,0.00365502654829819,"17717","ND2","protein-coding",NA,NA,NA,NA,NA,NA,NA,NA,NA,NA,NA,NA,NA,NA,NA,NA,NA,NA,NA,NA,NA,NA,NA,NA,NA,NA,-0.57461127392669,"None",TRUE,"Depleted","ND2","yes","yes",5908.7187546512,-0.774926691044724,0.407875529856498,0.00722028037903868,0.0501898099921318,"17717","ND2","protein-coding",NA,NA,NA,NA,NA,NA,NA,NA,NA,NA,NA,NA,NA,NA,NA,NA,NA,NA,NA,NA,NA,NA,NA,NA,NA,NA,-0.57461127392669,"None",FALSE,"Depleted",""
"ENSMUSG00000064351",11793.2876633085,-0.538572995963758,0.147605387658872,1.61470574235698e-05,0.00677725166195614,"17708","COX1","protein-coding",NA,NA,NA,NA,NA,"MT-CO1",4512,"516030","ENSG00000198804","NULL",7419,"NULL",0,"ID data freeze 388","8b","E, H, M","Mitochondrial","N/A","1","CYTOCHROME C OXIDASE I DEFICIENCY","CYTOCHROME C OXIDASE I DEFICIENCY","0","NULL","mitochondria, transporters",0,0,-0.851641105959649,"Soma",TRUE,"Depleted","COX1","yes","yes",28850.0072750969,-1.33312247442082,0.379001779765269,3.42876746297305e-05,0.000675408340538304,"17708","COX1","protein-coding",NA,NA,NA,NA,NA,"MT-CO1",4512,"516030","ENSG00000198804","NULL",7419,"NULL",0,"ID data freeze 388","8b","E, H, M","Mitochondrial","N/A","1","CYTOCHROME C OXIDASE I DEFICIENCY","CYTOCHROME C OXIDASE I DEFICIENCY","0","NULL","mitochondria, transporters",0,0,-0.851641105959649,"Soma",TRUE,"Depleted","COX1"
"ENSMUSG00000064354",4490.64480131712,-0.798608691248526,0.168872320696718,1.3707151160503e-07,0.000108238115987407,"17709","COX2","protein-coding",NA,NA,NA,NA,NA,"MT-CO2",4513,"516040","ENSG00000198712","NULL",7421,"NULL",1,"ID data freeze 388","8b","C, G, H, M, Q","Mitochondrial","N/A","1","CYTOCHROME C OXIDASE DEFICIENCY","CYTOCHROME C OXIDASE DEFICIENCY","0","NULL","mitochondria, transporters",0,0,-0.918885403374712,"None",TRUE,"Depleted","COX2","yes","yes",14230.814105999,-0.782265700061813,0.68336461233363,0.0184450633056113,0.10015265200253,"17709","COX2","protein-coding",NA,NA,NA,NA,NA,"MT-CO2",4513,"516040","ENSG00000198712","NULL",7421,"NULL",1,"ID data freeze 388","8b","C, G, H, M, Q","Mitochondrial","N/A","1","CYTOCHROME C OXIDASE DEFICIENCY","CYTOCHROME C OXIDASE DEFICIENCY","0","NULL","mitochondria, transporters",0,0,-0.918885403374712,"None",FALSE,"Depleted",""
"ENSMUSG00000064357",9517.73598367363,-0.472558123145383,0.176601020396242,0.000444560330840377,0.0432447672550813,"17705","ATP6","protein-coding",NA,NA,NA,NA,NA,"MT-ATP6",4508,"516060","ENSG00000198899","NULL",7414,"NULL",0,"ID data freeze 388","8b","G, H, M, Q, T","Mitochondrial","N/A","0","NEUROPATHY, ATAXIA, AND RETINITIS PIGMENTOSA","NEUROPATHY, ATAXIA, AND RETINITIS PIGMENTOSA","0","551500","mitochondria, transporters",0,0,-1.32740568818459,"Soma",TRUE,"Depleted","ATP6","yes","yes",34984.924914333,-1.2205837398133,0.359814195580558,6.28707921409559e-05,0.00111550894501683,"17705","ATP6","protein-coding",NA,NA,NA,NA,NA,"MT-ATP6",4508,"516060","ENSG00000198899","NULL",7414,"NULL",0,"ID data freeze 388","8b","G, H, M, Q, T","Mitochondrial","N/A","0","NEUROPATHY, ATAXIA, AND RETINITIS PIGMENTOSA","NEUROPATHY, ATAXIA, AND RETINITIS PIGMENTOSA","0","551500","mitochondria, transporters",0,0,-1.32740568818459,"Soma",TRUE,"Depleted","ATP6"
"ENSMUSG00000064358",12204.4915083361,-0.846652132590498,0.167395609363376,2.41219689276295e-08,2.6524217970465e-05,"17710","COX3","protein-coding",NA,NA,NA,NA,NA,"MT-CO3",4514,"516050","ENSG00000198938","NULL",7422,"NULL",0,"ID data freeze 388","8b","G, H, M, Q","Mitochondrial","N/A","1","MITOCHONDRIAL COMPLEX IV DEFICIENCY","MITOCHONDRIAL COMPLEX IV DEFICIENCY","0","NULL","mitochondria, transporters",0,0,-1.11738061503699,"Soma",TRUE,"Depleted","COX3","yes","yes",45937.4365684922,-0.742595790049899,0.564336487017309,0.0181331262802345,0.0989516896063047,"17710","COX3","protein-coding",NA,NA,NA,NA,NA,"MT-CO3",4514,"516050","ENSG00000198938","NULL",7422,"NULL",0,"ID data freeze 388","8b","G, H, M, Q","Mitochondrial","N/A","1","MITOCHONDRIAL COMPLEX IV DEFICIENCY","MITOCHONDRIAL COMPLEX IV DEFICIENCY","0","NULL","mitochondria, transporters",0,0,-1.11738061503699,"Soma",FALSE,"Depleted",""
"ENSMUSG00000064360",498.898713297964,-1.34539619308212,0.194922432815519,2.79985307435944e-13,1.87926138351006e-09,"17718","ND3","protein-coding",NA,NA,NA,NA,NA,NA,NA,NA,NA,NA,NA,NA,NA,NA,NA,NA,NA,NA,NA,NA,NA,NA,NA,NA,NA,NA,-0.566250806736797,"None",TRUE,"Depleted","ND3","yes","yes",2008.54490801112,-0.129119787432949,0.350094910050121,0.430975550503328,0.689807347833842,"17718","ND3","protein-coding",NA,NA,NA,NA,NA,NA,NA,NA,NA,NA,NA,NA,NA,NA,NA,NA,NA,NA,NA,NA,NA,NA,NA,NA,NA,NA,-0.566250806736797,"None",FALSE,"Depleted",""
"ENSMUSG00000064363",3915.19485510911,-0.70335930809168,0.140898810577043,3.47977509762959e-08,3.33660720789854e-05,"17719","ND4","protein-coding",NA,NA,NA,NA,NA,NA,NA,NA,NA,NA,NA,NA,NA,NA,NA,NA,NA,NA,NA,NA,NA,NA,NA,NA,NA,NA,-0.695490899521215,"None",TRUE,"Depleted","ND4","yes","yes",9899.19661101569,-0.95150572232896,0.439577456982185,0.00288860290131048,0.0250851751756178,"17719","ND4","protein-coding",NA,NA,NA,NA,NA,NA,NA,NA,NA,NA,NA,NA,NA,NA,NA,NA,NA,NA,NA,NA,NA,NA,NA,NA,NA,NA,-0.695490899521215,"None",TRUE,"Depleted","ND4"
"ENSMUSG00000064370",6472.93565571634,-0.455847046564088,0.169850709574405,0.000362538504447263,0.041954455893966,"17711","CYTB","protein-coding",NA,NA,NA,NA,NA,NA,NA,NA,NA,NA,NA,NA,NA,NA,NA,NA,NA,NA,NA,NA,NA,NA,NA,NA,NA,NA,-1.41685764091873,"Soma",TRUE,"Depleted","CYTB","yes","yes",25286.9819851333,-1.18552340216858,0.402814016001177,0.000271193182463766,0.00378109880869877,"17711","CYTB","protein-coding",NA,NA,NA,NA,NA,NA,NA,NA,NA,NA,NA,NA,NA,NA,NA,NA,NA,NA,NA,NA,NA,NA,NA,NA,NA,NA,-1.41685764091873,"Soma",TRUE,"Depleted","CYTB"
"ENSMUSG00000065947",350.860147845219,-0.961841935944008,0.214095568046736,3.60052312051656e-07,0.000245140939581663,"17720","ND4L","protein-coding",NA,NA,NA,NA,NA,NA,NA,NA,NA,NA,NA,NA,NA,NA,NA,NA,NA,NA,NA,NA,NA,NA,NA,NA,NA,NA,-0.683133530583101,"None",TRUE,"Depleted","ND4L","yes","yes",1038.17223567456,-0.448522562608525,0.549056497040979,0.0610745678990317,0.224737095444868,"17720","ND4L","protein-coding",NA,NA,NA,NA,NA,NA,NA,NA,NA,NA,NA,NA,NA,NA,NA,NA,NA,NA,NA,NA,NA,NA,NA,NA,NA,NA,-0.683133530583101,"None",FALSE,"Depleted",""
"ENSMUSG00000068823",14946.411557921,-0.39207913307422,0.147224406451992,0.000539504336185483,0.0482820413930262,"229663","Csde1","protein-coding","ENSG00000009307","Rare Single Gene Mutation, Syndromic","1",0,4,NA,NA,NA,NA,NA,NA,NA,NA,NA,NA,NA,NA,NA,NA,NA,NA,NA,NA,NA,NA,NA,0.122658483741019,"None",TRUE,"Depleted","Csde1","yes","yes",22815.8062518376,0.207262235038491,0.155621043911245,0.15456767184565,0.399829569334694,"229663","Csde1","protein-coding","ENSG00000009307","Rare Single Gene Mutation, Syndromic","1",0,4,NA,NA,NA,NA,NA,NA,NA,NA,NA,NA,NA,NA,NA,NA,NA,NA,NA,NA,NA,NA,NA,0.122658483741019,"None",FALSE,"Enriched",""
"ENSMUSG00000069917",2713.30867106624,0.805611717142377,0.177695782319898,2.74706685534275e-07,0.000204870141478451,"110257","Hba-a2","protein-coding",NA,NA,NA,NA,NA,NA,NA,NA,NA,NA,NA,NA,NA,NA,NA,NA,NA,NA,NA,NA,NA,NA,NA,NA,NA,NA,2.97752349968452,"GC",TRUE,"Enriched","Hba-a2","yes","yes",350.689317106625,0.025179509468612,0.318631103934186,0.885283840508242,0.955148158236739,"110257","Hba-a2","protein-coding",NA,NA,NA,NA,NA,NA,NA,NA,NA,NA,NA,NA,NA,NA,NA,NA,NA,NA,NA,NA,NA,NA,NA,NA,NA,NA,2.97752349968452,"GC",FALSE,"Enriched",""
"ENSMUSG00000069919",3596.97541317706,0.930369248263262,0.172772933082504,3.36968600484181e-09,7.53911082149942e-06,"15122","Hba-a1","protein-coding",NA,NA,NA,NA,NA,NA,NA,NA,NA,NA,NA,NA,NA,NA,NA,NA,NA,NA,NA,NA,NA,NA,NA,NA,NA,NA,3.0271087388735,"GC",TRUE,"Enriched","Hba-a1","yes","yes",417.686709500114,0.0265179859290776,0.327971082267742,0.872040909832906,0.950083039015768,"15122","Hba-a1","protein-coding",NA,NA,NA,NA,NA,NA,NA,NA,NA,NA,NA,NA,NA,NA,NA,NA,NA,NA,NA,NA,NA,NA,NA,NA,NA,NA,3.0271087388735,"GC",FALSE,"Enriched",""
"ENSMUSG00000070372",2929.49688537927,-0.528179193471227,0.144878159477796,1.66604070950948e-05,0.00677725166195614,"12340","Capza1","protein-coding",NA,NA,NA,NA,NA,NA,NA,NA,NA,NA,NA,NA,NA,NA,NA,NA,NA,NA,NA,NA,NA,NA,NA,NA,NA,NA,-0.19190667752024,"None",TRUE,"Depleted","Capza1","yes","yes",5491.56341546885,0.108278456106471,0.190710533877614,0.508679704793027,0.748937882554421,"12340","Capza1","protein-coding",NA,NA,NA,NA,NA,NA,NA,NA,NA,NA,NA,NA,NA,NA,NA,NA,NA,NA,NA,NA,NA,NA,NA,NA,NA,NA,-0.19190667752024,"None",FALSE,"Enriched",""
"ENSMUSG00000073877",906.871997069364,0.593139274926616,0.173206116945677,3.06807381591007e-05,0.00936041429654019,"100039863","Gm13306","protein-coding",NA,NA,NA,NA,NA,NA,NA,NA,NA,NA,NA,NA,NA,NA,NA,NA,NA,NA,NA,NA,NA,NA,NA,NA,NA,NA,0.523584571641765,"GC",TRUE,"Enriched","Gm13306","yes","yes",618.572212443934,-0.627959683622417,0.263918326522413,0.00370790951822462,0.0301584016987714,"100039863","Gm13306","protein-coding",NA,NA,NA,NA,NA,NA,NA,NA,NA,NA,NA,NA,NA,NA,NA,NA,NA,NA,NA,NA,NA,NA,NA,NA,NA,NA,0.523584571641765,"GC",TRUE,"Depleted","Gm13306"
"ENSMUSG00000073940",872.508815891018,0.883402711137227,0.146494084587175,8.16604638477764e-11,2.81174076565166e-07,"101488143","Hbb-bt","protein-coding",NA,NA,NA,NA,NA,NA,NA,NA,NA,NA,NA,NA,NA,NA,NA,NA,NA,NA,NA,NA,NA,NA,NA,NA,NA,NA,1.74835743828801,"GC",TRUE,"Enriched","Hbb-bt","yes","yes",190.392659901087,-0.019724965358554,0.350891224908091,0.863528358725584,0.946745021468664,"101488143","Hbb-bt","protein-coding",NA,NA,NA,NA,NA,NA,NA,NA,NA,NA,NA,NA,NA,NA,NA,NA,NA,NA,NA,NA,NA,NA,NA,NA,NA,NA,1.74835743828801,"GC",FALSE,"Depleted",""
"ENSMUSG00000078502",84.3281008746044,-0.977752021520719,0.379729402652913,0.000380881480858058,0.0427331230402049,"433801","Zfp268","protein-coding",NA,NA,NA,NA,NA,NA,NA,NA,NA,NA,NA,NA,NA,NA,NA,NA,NA,NA,NA,NA,NA,NA,NA,NA,NA,NA,0.329205525602719,"None",TRUE,"Depleted","Zfp268","yes","yes",97.6320644356803,-0.729799340650274,0.307957474429623,0.00290018658878853,0.0251567086843864,"433801","Zfp268","protein-coding",NA,NA,NA,NA,NA,NA,NA,NA,NA,NA,NA,NA,NA,NA,NA,NA,NA,NA,NA,NA,NA,NA,NA,NA,NA,NA,0.329205525602719,"None",TRUE,"Depleted","Zfp268"
"ENSMUSG00000083394",266.480377677453,1.26502982344691,0.375290297892453,2.48983546761364e-05,0.00826162220156109,"108167871","Gm11703","protein-coding",NA,NA,NA,NA,NA,NA,NA,NA,NA,NA,NA,NA,NA,NA,NA,NA,NA,NA,NA,NA,NA,NA,NA,NA,NA,NA,3.49559147056144,"GC",TRUE,"Enriched","Gm11703","yes","yes",23.8241779674921,-0.0297601311417868,0.28145480919987,0.871031482092436,0.949543193446366,"108167871","Gm11703","protein-coding",NA,NA,NA,NA,NA,NA,NA,NA,NA,NA,NA,NA,NA,NA,NA,NA,NA,NA,NA,NA,NA,NA,NA,NA,NA,NA,3.49559147056144,"GC",FALSE,"Depleted",""
"ENSMUSG00000091537",20500.6521611829,0.459619290724891,0.151616265533411,0.000154310713706513,0.0243702002446616,"66167","Tma7","protein-coding",NA,NA,NA,NA,NA,NA,NA,NA,NA,NA,NA,NA,NA,NA,NA,NA,NA,NA,NA,NA,NA,NA,NA,NA,NA,NA,1.86199520429005,"GC",TRUE,"Enriched","Tma7","yes","yes",6526.5592764161,-0.0482022277757901,0.234167097429606,0.793536234507625,0.915244514553217,"66167","Tma7","protein-coding",NA,NA,NA,NA,NA,NA,NA,NA,NA,NA,NA,NA,NA,NA,NA,NA,NA,NA,NA,NA,NA,NA,NA,NA,NA,NA,1.86199520429005,"GC",FALSE,"Depleted",""
"ENSMUSG00000095234",149.514393217595,0.704694624238452,0.279149190690783,0.000431895967564051,0.0429100041617051,"100862247","Gm21586","protein-coding",NA,NA,NA,NA,NA,NA,NA,NA,NA,NA,NA,NA,NA,NA,NA,NA,NA,NA,NA,NA,NA,NA,NA,NA,NA,NA,-0.66147067593417,"Soma",TRUE,"Enriched","Gm21586","yes","yes",202.32391466895,-0.944556439519284,0.235604111197347,7.61271814540776e-06,0.000183834919024099,"100862247","Gm21586","protein-coding",NA,NA,NA,NA,NA,NA,NA,NA,NA,NA,NA,NA,NA,NA,NA,NA,NA,NA,NA,NA,NA,NA,NA,NA,NA,NA,-0.66147067593417,"Soma",TRUE,"Depleted","Gm21586"
"ENSMUSG00000096826",371.409109187844,0.782608639092629,0.203021707951834,5.14455198009952e-06,0.00255779502892059,"100040048","Ccl27b","protein-coding",NA,NA,NA,NA,NA,NA,NA,NA,NA,NA,NA,NA,NA,NA,NA,NA,NA,NA,NA,NA,NA,NA,NA,NA,NA,NA,0.891351261891459,"GC",TRUE,"Enriched","Ccl27b","yes","yes",200.083459272337,-0.323576439172333,0.256775389360895,0.104115299666509,0.316644103839316,"100040048","Ccl27b","protein-coding",NA,NA,NA,NA,NA,NA,NA,NA,NA,NA,NA,NA,NA,NA,NA,NA,NA,NA,NA,NA,NA,NA,NA,NA,NA,NA,0.891351261891459,"GC",FALSE,"Depleted",""
"ENSMUSG00000102697",110.975163762229,-0.750248795449486,0.307571887676438,0.000564529110312327,0.0495309723975992,"353237","Pcdhac2","protein-coding","ENSG00000243232","Genetic Association","3",0,3,NA,NA,NA,NA,NA,NA,NA,NA,NA,NA,NA,NA,NA,NA,NA,NA,NA,NA,NA,NA,NA,-3.40665777859037,"Soma",TRUE,"Depleted","Pcdhac2","yes","yes",2373.70126788903,0.201679053474503,0.204162368384662,0.231172307655706,0.500672153532717,"353237","Pcdhac2","protein-coding","ENSG00000243232","Genetic Association","3",0,3,NA,NA,NA,NA,NA,NA,NA,NA,NA,NA,NA,NA,NA,NA,NA,NA,NA,NA,NA,NA,NA,-3.40665777859037,"Soma",FALSE,"Enriched",""
"ENSMUSG00000112129",35.1568879380416,1.30981821850584,0.498213709438242,0.000255600601855232,0.0343118247930464,"68371","Pbld1","protein-coding",NA,NA,NA,NA,NA,NA,NA,NA,NA,NA,NA,NA,NA,NA,NA,NA,NA,NA,NA,NA,NA,NA,NA,NA,NA,NA,1.41939981088621,"GC",TRUE,"Enriched","Pbld1","yes","yes",6.91871910396066,-0.107737657109571,0.346570549621223,0.496452721454131,0.740063992332073,"68371","Pbld1","protein-coding",NA,NA,NA,NA,NA,NA,NA,NA,NA,NA,NA,NA,NA,NA,NA,NA,NA,NA,NA,NA,NA,NA,NA,NA,NA,NA,1.41939981088621,"GC",FALSE,"Depleted",""
