sfari_humanID,sfari_geneticCategory,sfari_geneScore,sfari_syndromic,sfari_numberReports
ENSG00000183044,"Rare Single Gene Mutation, Genetic Association",3,0,6
ENSG00000154263,Rare Single Gene Mutation,3,0,1
ENSG00000179869,"Rare Single Gene Mutation, Functional",3,0,6
ENSG00000064687,Rare Single Gene Mutation,3,0,4
ENSG00000159640,"Rare Single Gene Mutation, Genetic Association",3,0,3
ENSG00000087085,Rare Single Gene Mutation,2,0,5
ENSG00000075624,"Rare Single Gene Mutation, Syndromic",1,1,5
ENSG00000077080,"Rare Single Gene Mutation, Syndromic",S,1,9
ENSG00000130402,Rare Single Gene Mutation,3,0,4
ENSG00000243989,"Rare Single Gene Mutation, Syndromic",S,1,9
,"Rare Single Gene Mutation, Genetic Association",2,0,7
ENSG00000138031,Rare Single Gene Mutation,2,0,2
ENSG00000173175,Rare Single Gene Mutation,3,0,7
ENSG00000156110,Rare Single Gene Mutation,3,0,2
ENSG00000101126,"Rare Single Gene Mutation, Syndromic, Functional",1,1,55
ENSG00000282608,"Rare Single Gene Mutation, Functional",3,0,2
ENSG00000239900,"Rare Single Gene Mutation, Syndromic",1,1,8
ENSG00000155966,"Rare Single Gene Mutation, Syndromic",1,0,17
ENSG00000157985,Rare Single Gene Mutation,3,0,8
ENSG00000035687,Rare Single Gene Mutation,3,0,3
ENSG00000135439,Rare Single Gene Mutation,2,0,5
ENSG00000186094,Rare Single Gene Mutation,3,0,3
ENSG00000187546,"Rare Single Gene Mutation, Genetic Association",3,0,7
ENSG00000092847,Rare Single Gene Mutation,2,0,7
ENSG00000126070,Rare Single Gene Mutation,3,0,5
ENSG00000134698,Rare Single Gene Mutation,2,0,3
ENSG00000180772,Rare Single Gene Mutation,3,0,5
ENSG00000126705,"Rare Single Gene Mutation, Syndromic",1,1,16
ENSG00000135541,"Rare Single Gene Mutation, Syndromic, Genetic Association",S,1,19
ENSG00000127914,Rare Single Gene Mutation,2,0,5
ENSG00000184254,"Rare Single Gene Mutation, Syndromic",S,1,5
ENSG00000112294,"Rare Single Gene Mutation, Syndromic",1,1,12
ENSG00000116748,"Rare Single Gene Mutation, Genetic Association",2,0,3
ENSG00000145020,Rare Single Gene Mutation,2,0,1
ENSG00000145362,Rare Single Gene Mutation,1,0,20
ENSG00000151150,"Rare Single Gene Mutation, Genetic Association",1,0,27
ENSG00000167522,"Rare Single Gene Mutation, Syndromic",1,1,53
ENSG00000172650,Rare Single Gene Mutation,3,0,1
ENSG00000123908,Syndromic,2,0,1
ENSG00000124942,Rare Single Gene Mutation,2,0,5
ENSG00000185046,"Rare Single Gene Mutation, Syndromic",S,1,4
ENSG00000135046,Rare Single Gene Mutation,2,0,2
ENSG00000182287,"Rare Single Gene Mutation, Syndromic",S,1,6
ENSG00000034053,Rare Single Gene Mutation,3,0,7
ENSG00000166313,"Rare Single Gene Mutation, Functional",2,0,3
ENSG00000117362,Rare Single Gene Mutation,2,0,3
ENSG00000285077,Rare Single Gene Mutation,3,0,3
ENSG00000134909,"Rare Single Gene Mutation, Functional",3,0,7
ENSG00000100852,Rare Single Gene Mutation,3,0,5
ENSG00000104728,"Rare Single Gene Mutation, Functional",3,0,5
ENSG00000131089,"Rare Single Gene Mutation, Syndromic",1,1,14
ENSG00000049618,"Rare Single Gene Mutation, Syndromic, Functional",1,1,61
ENSG00000189079,"Rare Single Gene Mutation, Syndromic",S,1,10
ENSG00000172379,"Rare Single Gene Mutation, Syndromic, Genetic Association, Functional",3,0,13
ENSG00000004848,"Rare Single Gene Mutation, Syndromic",1,1,22
ENSG00000151693,Rare Single Gene Mutation,2,0,3
ENSG00000239388,Rare Single Gene Mutation,3,0,4
ENSG00000116539,"Rare Single Gene Mutation, Syndromic, Functional",1,0,22
ENSG00000196433,"Rare Single Gene Mutation, Genetic Association",3,0,10
ENSG00000066279,"Rare Single Gene Mutation, Syndromic, Functional",2,0,8
ENSG00000148219,"Rare Single Gene Mutation, Genetic Association",2,0,17
ENSG00000141431,"Rare Single Gene Mutation, Syndromic",1,1,33
ENSG00000206190,"Rare Single Gene Mutation, Genetic Association, Functional",2,0,9
ENSG00000163399,"Rare Single Gene Mutation, Syndromic",S,1,6
ENSG00000105409,"Rare Single Gene Mutation, Syndromic, Functional",S,1,19
ENSG00000157087,"Rare Single Gene Mutation, Genetic Association",2,0,10
ENSG00000185344,Rare Single Gene Mutation,3,0,3
ENSG00000085224,"Rare Single Gene Mutation, Syndromic",1,0,26
ENSG00000128271,Genetic Association,3,0,7
ENSG00000169252,Genetic Association,3,0,10
ENSG00000088035,Syndromic,S,1,1
ENSG00000132466,"Rare Single Gene Mutation, Syndromic",S,1,5
ENSG00000042753,Rare Single Gene Mutation,1,0,2
ENSG00000158321,"Rare Single Gene Mutation, Syndromic, Genetic Association, Functional",1,0,48
,Genetic Association,3,0,6
ENSG00000166148,"Rare Single Gene Mutation, Genetic Association",2,0,24
ENSG00000198049,"Genetic Association, Functional",3,0,8
ENSG00000160862,Rare Single Gene Mutation,3,0,3
ENSG00000123636,Rare Single Gene Mutation,1,0,6
ENSG00000140463,"Rare Single Gene Mutation, Syndromic",3,0,5
ENSG00000064787,Rare Single Gene Mutation,3,0,4
ENSG00000103507,Rare Single Gene Mutation,1,0,5
ENSG00000119866,"Rare Single Gene Mutation, Syndromic, Functional",1,1,22
ENSG00000085185,"Rare Single Gene Mutation, Syndromic",S,1,6
ENSG00000115760,Rare Single Gene Mutation,3,0,11
ENSG00000157764,"Rare Single Gene Mutation, Syndromic",1,1,13
ENSG00000139618,Rare Single Gene Mutation,3,0,5
ENSG00000141867,"Rare Single Gene Mutation, Syndromic",3,0,4
ENSG00000174672,"Rare Single Gene Mutation, Syndromic",1,0,5
ENSG00000165288,"Rare Single Gene Mutation, Syndromic",S,1,4
ENSG00000109743,"Genetic Association, Functional",3,0,5
ENSG00000095564,Rare Single Gene Mutation,2,0,7
ENSG00000166167,Rare Single Gene Mutation,3,0,3
ENSG00000111678,"Rare Single Gene Mutation, Syndromic",S,1,11
ENSG00000188277,Rare Single Gene Mutation,3,0,2
ENSG00000224389,"Rare Single Gene Mutation, Genetic Association, Functional",3,0,6
ENSG00000131686,Rare Single Gene Mutation,3,0,6
ENSG00000141837,"Rare Single Gene Mutation, Genetic Association",S,1,22
ENSG00000148408,"Rare Single Gene Mutation, Syndromic, Genetic Association",3,0,9
ENSG00000151067,"Rare Single Gene Mutation, Syndromic, Genetic Association, Functional",1,1,50
ENSG00000157388,"Rare Single Gene Mutation, Syndromic, Genetic Association, Functional",2,0,22
ENSG00000198216,Rare Single Gene Mutation,1,0,15
ENSG00000102001,"Rare Single Gene Mutation, Genetic Association",3,0,8
ENSG00000006283,"Rare Single Gene Mutation, Syndromic, Genetic Association",3,0,20
ENSG00000196557,Rare Single Gene Mutation,2,0,27
ENSG00000100346,"Rare Single Gene Mutation, Genetic Association",3,0,7
ENSG00000153956,Rare Single Gene Mutation,3,0,3
ENSG00000157445,Rare Single Gene Mutation,1,0,8
ENSG00000165995,"Rare Single Gene Mutation, Genetic Association",2,0,6
ENSG00000182985,Rare Single Gene Mutation,3,0,10
ENSG00000175161,"Rare Single Gene Mutation, Genetic Association",3,0,4
ENSG00000163618,"Rare Single Gene Mutation, Genetic Association",3,0,3
ENSG00000081803,"Rare Single Gene Mutation, Functional",3,0,12
ENSG00000070808,"Rare Single Gene Mutation, Syndromic, Genetic Association, Functional",S,1,9
ENSG00000058404,"Rare Single Gene Mutation, Syndromic",S,1,7
ENSG00000152495,"Rare Single Gene Mutation, Genetic Association",3,0,4
ENSG00000182472,Rare Single Gene Mutation,3,0,6
ENSG00000135387,"Rare Single Gene Mutation, Functional",1,0,4
ENSG00000198286,Rare Single Gene Mutation,3,0,1
ENSG00000147044,"Rare Single Gene Mutation, Syndromic",1,0,20
ENSG00000130940,Rare Single Gene Mutation,1,0,5
ENSG00000132024,"Rare Single Gene Mutation, Functional",2,0,14
ENSG00000162670,"Rare Single Gene Mutation, Functional",3,0,2
ENSG00000067191,Rare Single Gene Mutation,3,0,1
ENSG00000015133,Rare Single Gene Mutation,3,0,6
ENSG00000123106,Rare Single Gene Mutation,3,0,4
ENSG00000185972,Rare Single Gene Mutation,3,0,2
ENSG00000113328,Rare Single Gene Mutation,2,0,1
ENSG00000090061,"Rare Single Gene Mutation, Syndromic",S,1,4
ENSG00000184305,Rare Single Gene Mutation,3,0,2
ENSG00000115484,Rare Single Gene Mutation,2,0,3
ENSG00000103855,Rare Single Gene Mutation,3,0,2
ENSG00000004468,"Rare Single Gene Mutation, Genetic Association, Functional",3,0,9
ENSG00000102181,Genetic Association,3,0,1
ENSG00000198752,"Rare Single Gene Mutation, Syndromic",2,0,10
ENSG00000040731,"Rare Single Gene Mutation, Genetic Association",3,0,10
ENSG00000140937,"Rare Single Gene Mutation, Functional",3,0,6
ENSG00000140945,Rare Single Gene Mutation,2,0,4
ENSG00000063169,Syndromic,2,0,1
ENSG00000135127,Genetic Association,3,0,2
ENSG00000149654,Genetic Association,3,0,4
ENSG00000150394,Rare Single Gene Mutation,3,0,10
ENSG00000113100,"Rare Single Gene Mutation, Genetic Association",3,0,7
ENSG00000065883,"Rare Single Gene Mutation, Syndromic",S,1,14
ENSG00000132964,"Rare Single Gene Mutation, Syndromic",S,1,3
ENSG00000008086,"Rare Single Gene Mutation, Syndromic",1,1,42
ENSG00000099954,Rare Single Gene Mutation,3,0,2
ENSG00000101489,"Rare Single Gene Mutation, Functional",1,0,13
ENSG00000140488,"Rare Single Gene Mutation, Genetic Association",3,0,4
ENSG00000174799,"Rare Single Gene Mutation, Syndromic",2,0,6
ENSG00000198707,"Rare Single Gene Mutation, Syndromic",S,1,9
ENSG00000106477,"Rare Single Gene Mutation, Syndromic",2,0,5
ENSG00000128849,Rare Single Gene Mutation,2,0,4
ENSG00000198824,"Rare Single Gene Mutation, Syndromic",1,0,10
ENSG00000153922,Rare Single Gene Mutation,S,1,5
ENSG00000173575,"Rare Single Gene Mutation, Syndromic",1,1,59
ENSG00000170004,"Rare Single Gene Mutation, Syndromic",1,1,10
ENSG00000171316,"Rare Single Gene Mutation, Syndromic, Functional",1,1,32
ENSG00000100888,"Rare Single Gene Mutation, Syndromic, Functional",1,1,70
ENSG00000155111,"Rare Single Gene Mutation, Syndromic",S,1,5
ENSG00000064309,Rare Single Gene Mutation,3,0,1
ENSG00000100288,"Rare Single Gene Mutation, Syndromic",S,1,6
ENSG00000131165,"Rare Single Gene Mutation, Syndromic",2,0,5
ENSG00000133019,"Rare Single Gene Mutation, Genetic Association",3,0,6
ENSG00000175344,Rare Single Gene Mutation,2,0,15
ENSG00000147432,Rare Single Gene Mutation,3,0,3
ENSG00000136425,Rare Single Gene Mutation,2,0,1
ENSG00000079432,"Rare Single Gene Mutation, Functional",1,1,7
ENSG00000074054,Rare Single Gene Mutation,2,0,3
ENSG00000073464,"Rare Single Gene Mutation, Syndromic",S,1,7
ENSG00000182372,"Rare Single Gene Mutation, Syndromic",3,0,3
ENSG00000070371,Rare Single Gene Mutation,3,0,6
ENSG00000153815,"Rare Single Gene Mutation, Genetic Association",3,0,6
ENSG00000134326,Rare Single Gene Mutation,3,0,2
ENSG00000170289,Rare Single Gene Mutation,3,0,3
ENSG00000149970,"Rare Single Gene Mutation, Syndromic, Functional",S,1,11
ENSG00000088038,"Rare Single Gene Mutation, Syndromic",1,1,12
ENSG00000118432,"Rare Single Gene Mutation, Genetic Association",2,0,7
ENSG00000113805,Rare Single Gene Mutation,3,0,5
ENSG00000144619,"Rare Single Gene Mutation, Syndromic, Genetic Association, Functional",2,0,24
ENSG00000149972,"Rare Single Gene Mutation, Genetic Association",2,0,10
ENSG00000134115,"Rare Single Gene Mutation, Genetic Association",2,0,14
ENSG00000174469,"Rare Single Gene Mutation, Syndromic, Genetic Association",S,1,76
ENSG00000106714,"Rare Single Gene Mutation, Functional",2,0,6
ENSG00000152910,"Rare Single Gene Mutation, Functional",2,0,11
ENSG00000155052,"Rare Single Gene Mutation, Genetic Association",3,0,13
ENSG00000215018,Rare Single Gene Mutation,3,0,3
ENSG00000157184,Rare Single Gene Mutation,3,0,2
ENSG00000109625,Rare Single Gene Mutation,3,0,3
ENSG00000005339,"Rare Single Gene Mutation, Syndromic, Genetic Association",1,0,33
ENSG00000009307,"Rare Single Gene Mutation, Syndromic",1,0,4
ENSG00000183117,"Rare Single Gene Mutation, Genetic Association",3,0,14
ENSG00000213923,"Rare Single Gene Mutation, Functional",3,0,5
ENSG00000102974,"Rare Single Gene Mutation, Syndromic, Functional",1,0,19
ENSG00000188419,Rare Single Gene Mutation,3,0,6
ENSG00000125107,"Rare Single Gene Mutation, Syndromic",2,0,6
ENSG00000102879,Rare Single Gene Mutation,1,0,2
ENSG00000169118,"Rare Single Gene Mutation, Syndromic",3,0,2
ENSG00000101266,"Rare Single Gene Mutation, Syndromic, Functional",S,1,13
ENSG00000204435,"Rare Single Gene Mutation, Syndromic",S,1,6
ENSG00000066032,Syndromic,S,1,1
ENSG00000183230,"Rare Single Gene Mutation, Genetic Association",3,0,16
ENSG00000168036,"Rare Single Gene Mutation, Syndromic",1,0,27
ENSG00000169862,"Rare Single Gene Mutation, Functional",2,0,8
ENSG00000077063,"Rare Single Gene Mutation, Syndromic, Functional",2,0,10
ENSG00000036257,"Rare Single Gene Mutation, Genetic Association, Functional",1,0,25
ENSG00000044090,Rare Single Gene Mutation,2,0,6
ENSG00000257923,"Rare Single Gene Mutation, Functional",2,0,6
ENSG00000111249,"Rare Single Gene Mutation, Syndromic",S,1,8
ENSG00000168329,"Rare Single Gene Mutation, Functional",3,0,3
ENSG00000273749,"Rare Single Gene Mutation, Genetic Association, Functional",2,0,18
ENSG00000155833,Rare Single Gene Mutation,3,0,3
ENSG00000135929,"Rare Single Gene Mutation, Syndromic",S,1,5
ENSG00000134780,"Rare Single Gene Mutation, Functional",3,0,5
ENSG00000070190,Rare Single Gene Mutation,2,0,2
ENSG00000132437,"Rare Single Gene Mutation, Genetic Association",3,0,4
ENSG00000215301,"Rare Single Gene Mutation, Syndromic, Functional",1,1,32
ENSG00000184735,Rare Single Gene Mutation,3,0,3
ENSG00000177030,"Rare Single Gene Mutation, Syndromic",1,1,21
ENSG00000139726,"Rare Single Gene Mutation, Functional",2,0,4
ENSG00000100150,"Rare Single Gene Mutation, Syndromic",S,1,15
ENSG00000172893,"Rare Single Gene Mutation, Syndromic",1,1,18
ENSG00000132153,"Rare Single Gene Mutation, Syndromic",S,1,6
ENSG00000160305,"Rare Single Gene Mutation, Functional",1,0,10
ENSG00000113742,Functional,2,0,1
ENSG00000160882,Syndromic,3,0,4
ENSG00000085788,"Rare Single Gene Mutation, Genetic Association, Functional",2,0,4
ENSG00000174243,"Rare Single Gene Mutation, Syndromic",S,1,2
ENSG00000151240,Rare Single Gene Mutation,2,0,4
ENSG00000162946,"Rare Single Gene Mutation, Syndromic, Genetic Association",2,0,34
ENSG00000150764,"Rare Single Gene Mutation, Functional",3,0,4
ENSG00000075711,Rare Single Gene Mutation,3,0,5
ENSG00000150672,Rare Single Gene Mutation,2,0,2
ENSG00000132535,"Rare Single Gene Mutation, Syndromic, Functional",1,0,16
ENSG00000181744,Rare Single Gene Mutation,3,0,3
ENSG00000106665,Genetic Association,3,0,1
ENSG00000187323,Genetic Association,2,0,3
ENSG00000170579,"Rare Single Gene Mutation, Functional",2,0,11
ENSG00000198010,Rare Single Gene Mutation,3,0,15
ENSG00000116544,"Rare Single Gene Mutation, Genetic Association, Functional",3,0,10
ENSG00000198719,"Rare Single Gene Mutation, Syndromic",S,1,2
ENSG00000115844,Genetic Association,3,0,11
ENSG00000064195,Rare Single Gene Mutation,2,0,3
ENSG00000006377,Rare Single Gene Mutation,3,0,9
ENSG00000198947,"Rare Single Gene Mutation, Syndromic, Genetic Association",S,1,40
ENSG00000104936,"Rare Single Gene Mutation, Syndromic",1,1,10
ENSG00000185800,Rare Single Gene Mutation,3,0,2
ENSG00000104093,Rare Single Gene Mutation,3,0,6
ENSG00000197653,Rare Single Gene Mutation,3,0,7
ENSG00000187775,Rare Single Gene Mutation,3,0,7
ENSG00000158486,Rare Single Gene Mutation,3,0,6
ENSG00000187957,"Rare Single Gene Mutation, Genetic Association",3,0,3
ENSG00000119772,"Rare Single Gene Mutation, Syndromic, Genetic Association",1,1,20
ENSG00000150760,Rare Single Gene Mutation,3,0,3
ENSG00000128512,"Rare Single Gene Mutation, Genetic Association, Functional",3,0,9
ENSG00000107099,Rare Single Gene Mutation,2,0,11
ENSG00000175283,Syndromic,S,1,2
ENSG00000175497,Rare Single Gene Mutation,2,0,11
ENSG00000254986,Rare Single Gene Mutation,3,0,3
ENSG00000197635,"Rare Single Gene Mutation, Genetic Association",3,0,6
ENSG00000130226,"Rare Single Gene Mutation, Genetic Association, Functional",3,0,25
ENSG00000188641,"Rare Single Gene Mutation, Syndromic, Genetic Association",3,0,13
ENSG00000092964,"Rare Single Gene Mutation, Genetic Association, Functional",1,0,14
ENSG00000113657,Rare Single Gene Mutation,3,0,2
ENSG00000184845,"Genetic Association, Functional",3,0,4
ENSG00000149295,"Rare Single Gene Mutation, Genetic Association",3,0,6
ENSG00000151577,"Rare Single Gene Mutation, Genetic Association",3,0,8
ENSG00000171587,"Rare Single Gene Mutation, Genetic Association, Functional",1,0,14
ENSG00000151914,Rare Single Gene Mutation,3,0,8
ENSG00000149599,"Rare Single Gene Mutation, Genetic Association",3,0,5
ENSG00000161202,"Rare Single Gene Mutation, Functional",3,0,3
ENSG00000170788,Rare Single Gene Mutation,3,0,2
ENSG00000133665,,3,0,1
ENSG00000197102,"Rare Single Gene Mutation, Syndromic",1,0,21
ENSG00000157540,"Rare Single Gene Mutation, Syndromic, Functional",1,1,56
ENSG00000108001,"Rare Single Gene Mutation, Syndromic",1,1,13
ENSG00000101210,"Rare Single Gene Mutation, Syndromic",S,1,15
ENSG00000132294,Rare Single Gene Mutation,2,0,5
ENSG00000179388,Rare Single Gene Mutation,3,0,2
ENSG00000181090,"Rare Single Gene Mutation, Syndromic, Functional",1,1,31
ENSG00000130811,Rare Single Gene Mutation,1,0,4
ENSG00000151247,"Rare Single Gene Mutation, Genetic Association",3,0,12
ENSG00000107105,"Rare Single Gene Mutation, Genetic Association, Functional",3,0,6
ENSG00000196361,Rare Single Gene Mutation,1,0,5
ENSG00000109911,"Rare Single Gene Mutation, Genetic Association",2,0,7
ENSG00000164778,"Rare Single Gene Mutation, Genetic Association, Functional",3,0,25
ENSG00000100393,"Rare Single Gene Mutation, Syndromic",1,1,18
ENSG00000183495,Rare Single Gene Mutation,2,0,6
ENSG00000158636,"Rare Single Gene Mutation, Functional",2,0,4
ENSG00000135999,Rare Single Gene Mutation,3,0,4
ENSG00000133216,Rare Single Gene Mutation,3,0,6
ENSG00000261150,Rare Single Gene Mutation,3,0,5
ENSG00000136541,Rare Single Gene Mutation,3,0,1
ENSG00000140009,"Rare Single Gene Mutation, Syndromic, Genetic Association",3,0,9
ENSG00000119715,"Rare Single Gene Mutation, Genetic Association",3,0,7
ENSG00000105379,Rare Single Gene Mutation,2,0,4
ENSG00000180104,Rare Single Gene Mutation,3,0,1
ENSG00000070367,Rare Single Gene Mutation,3,0,2
ENSG00000138190,Rare Single Gene Mutation,3,0,1
ENSG00000144036,Rare Single Gene Mutation,3,0,4
ENSG00000182197,"Rare Single Gene Mutation, Genetic Association",3,0,6
ENSG00000112851,Rare Single Gene Mutation,2,0,6
ENSG00000114867,"Rare Single Gene Mutation, Functional",3,0,2
ENSG00000134759,Syndromic,S,1,6
ENSG00000197594,Rare Single Gene Mutation,3,0,4
ENSG00000170323,Rare Single Gene Mutation,3,0,2
ENSG00000164687,"Rare Single Gene Mutation, Functional",3,0,7
ENSG00000185448,Rare Single Gene Mutation,3,0,1
ENSG00000130244,Rare Single Gene Mutation,3,0,2
ENSG00000198690,"Rare Single Gene Mutation, Genetic Association, Functional",3,0,3
ENSG00000083857,"Rare Single Gene Mutation, Functional",3,0,7
ENSG00000166147,Rare Single Gene Mutation,2,0,11
ENSG00000138081,"Rare Single Gene Mutation, Syndromic",S,1,7
ENSG00000163833,"Rare Single Gene Mutation, Genetic Association",3,0,4
ENSG00000181036,Rare Single Gene Mutation,3,0,4
ENSG00000153266,"Rare Single Gene Mutation, Genetic Association",3,0,9
ENSG00000171560,"Rare Single Gene Mutation, Genetic Association",3,0,2
ENSG00000189283,"Rare Single Gene Mutation, Genetic Association",3,0,12
ENSG00000197977,Genetic Association,3,0,1
ENSG00000157554,Genetic Association,3,0,1
ENSG00000112787,Syndromic,S,1,1
ENSG00000165355,Genetic Association,3,0,3
ENSG00000129682,Syndromic,S,1,1
ENSG00000102466,Rare Single Gene Mutation,3,0,1
ENSG00000102081,"Rare Single Gene Mutation, Syndromic, Genetic Association, Functional",1,1,44
ENSG00000176165,"Rare Single Gene Mutation, Syndromic, Genetic Association, Functional",1,1,44
ENSG00000114861,"Rare Single Gene Mutation, Syndromic, Genetic Association, Functional",1,1,56
ENSG00000128573,"Rare Single Gene Mutation, Genetic Association, Functional",1,0,48
ENSG00000111816,"Rare Single Gene Mutation, Genetic Association",3,0,3
ENSG00000169933,"Rare Single Gene Mutation, Syndromic",S,1,6
ENSG00000136928,"Rare Single Gene Mutation, Syndromic, Functional",S,1,13
ENSG00000011677,Rare Single Gene Mutation,S,1,3
ENSG00000109158,"Rare Single Gene Mutation, Genetic Association, Functional",3,0,7
ENSG00000166206,"Rare Single Gene Mutation, Genetic Association",1,0,41
ENSG00000182256,Genetic Association,2,0,9
ENSG00000144278,Rare Single Gene Mutation,3,0,4
ENSG00000158089,"Rare Single Gene Mutation, Genetic Association",3,0,5
ENSG00000130035,Rare Single Gene Mutation,2,0,2
ENSG00000148935,Genetic Association,3,0,1
ENSG00000171766,Syndromic,S,1,2
ENSG00000119125,"Rare Single Gene Mutation, Genetic Association",3,0,2
ENSG00000278311,Rare Single Gene Mutation,2,0,2
ENSG00000146830,Rare Single Gene Mutation,1,0,12
ENSG00000204120,Rare Single Gene Mutation,1,0,8
ENSG00000174332,"Rare Single Gene Mutation, Genetic Association",3,0,2
ENSG00000124767,"Rare Single Gene Mutation, Genetic Association",3,0,10
ENSG00000101958,"Rare Single Gene Mutation, Functional",3,0,15
ENSG00000087460,Rare Single Gene Mutation,3,0,8
ENSG00000185838,"Rare Single Gene Mutation, Genetic Association",3,0,2
ENSG00000076716,Rare Single Gene Mutation,2,0,2
ENSG00000077782,Genetic Association,2,0,1
ENSG00000109536,Rare Single Gene Mutation,2,0,1
ENSG00000165060,Rare Single Gene Mutation,3,0,1
ENSG00000145864,Rare Single Gene Mutation,1,0,3
ENSG00000164574,Genetic Association,2,0,5
ENSG00000143641,Syndromic,S,1,2
ENSG00000131095,Rare Single Gene Mutation,1,0,1
ENSG00000127955,"Rare Single Gene Mutation, Syndromic",1,0,4
ENSG00000183098,"Rare Single Gene Mutation, Genetic Association",3,0,8
ENSG00000115159,"Rare Single Gene Mutation, Genetic Association",3,0,4
ENSG00000171723,Rare Single Gene Mutation,2,0,8
ENSG00000170775,Rare Single Gene Mutation,3,0,2
ENSG00000164604,"Rare Single Gene Mutation, Genetic Association",3,0,4
ENSG00000233276,Genetic Association,3,0,5
ENSG00000155511,Rare Single Gene Mutation,2,0,6
ENSG00000120251,Rare Single Gene Mutation,1,0,5
ENSG00000182771,"Rare Single Gene Mutation, Genetic Association",2,0,6
ENSG00000152208,"Rare Single Gene Mutation, Syndromic, Genetic Association",3,0,9
ENSG00000215045,Rare Single Gene Mutation,3,0,4
ENSG00000164418,"Rare Single Gene Mutation, Genetic Association",2,0,20
ENSG00000163873,"Rare Single Gene Mutation, Genetic Association",3,0,6
ENSG00000149403,"Rare Single Gene Mutation, Functional",3,0,5
ENSG00000105737,Rare Single Gene Mutation,2,0,9
ENSG00000176884,"Rare Single Gene Mutation, Functional",1,0,18
ENSG00000183454,"Rare Single Gene Mutation, Syndromic, Genetic Association, Functional",1,0,47
ENSG00000273079,"Rare Single Gene Mutation, Syndromic, Genetic Association, Functional",1,0,65
ENSG00000155974,Rare Single Gene Mutation,2,0,13
ENSG00000168959,"Rare Single Gene Mutation, Genetic Association, Functional",3,0,8
ENSG00000196277,"Rare Single Gene Mutation, Genetic Association, Functional",3,0,15
ENSG00000263001,"Rare Single Gene Mutation, Genetic Association",3,0,6
ENSG00000152402,"Rare Single Gene Mutation, Genetic Association",3,0,2
ENSG00000172534,"Rare Single Gene Mutation, Syndromic",S,1,9
ENSG00000164588,"Rare Single Gene Mutation, Genetic Association",S,1,9
ENSG00000068024,"Rare Single Gene Mutation, Syndromic, Genetic Association",S,1,16
ENSG00000147099,"Rare Single Gene Mutation, Syndromic",S,1,9
ENSG00000124635,Rare Single Gene Mutation,3,0,3
ENSG00000115677,Rare Single Gene Mutation,1,0,5
ENSG00000173064,Rare Single Gene Mutation,1,0,8
ENSG00000138411,"Rare Single Gene Mutation, Syndromic",2,0,13
ENSG00000165478,"Rare Single Gene Mutation, Syndromic, Functional",S,1,11
ENSG00000128731,Rare Single Gene Mutation,S,1,8
ENSG00000010818,"Rare Single Gene Mutation, Syndromic, Functional",1,0,9
ENSG00000127124,"Rare Single Gene Mutation, Genetic Association",2,0,6
ENSG00000223865,"Rare Single Gene Mutation, Genetic Association",3,0,2
ENSG00000126945,"Rare Single Gene Mutation, Syndromic",1,0,16
ENSG00000153187,"Rare Single Gene Mutation, Syndromic, Functional",1,1,29
ENSG00000134184,Genetic Association,3,0,3
ENSG00000206503,Genetic Association,3,0,10
ENSG00000234745,Genetic Association,3,0,5
ENSG00000196126,Genetic Association,3,0,11
ENSG00000204632,Genetic Association,3,0,4
ENSG00000205581,Genetic Association,2,0,1
ENSG00000138668,Rare Single Gene Mutation,S,1,4
ENSG00000169813,Rare Single Gene Mutation,2,0,3
ENSG00000165119,"Rare Single Gene Mutation, Syndromic",S,1,11
ENSG00000125944,Rare Single Gene Mutation,S,1,5
ENSG00000152413,"Rare Single Gene Mutation, Functional",3,0,6
ENSG00000105991,"Rare Single Gene Mutation, Syndromic, Genetic Association",S,1,15
ENSG00000174775,"Rare Single Gene Mutation, Syndromic, Genetic Association",1,0,12
ENSG00000249853,Genetic Association,3,0,7
ENSG00000117594,Syndromic,3,0,8
ENSG00000135312,"Rare Single Gene Mutation, Genetic Association",3,0,6
ENSG00000166736,"Rare Single Gene Mutation, Genetic Association, Functional",3,0,7
ENSG00000178084,"Rare Single Gene Mutation, Genetic Association",3,0,6
ENSG00000086758,"Rare Single Gene Mutation, Syndromic",S,1,21
ENSG00000157423,"Rare Single Gene Mutation, Genetic Association",3,0,3
ENSG00000003147,Rare Single Gene Mutation,2,0,8
ENSG00000115590,Rare Single Gene Mutation,3,0,6
ENSG00000169306,Rare Single Gene Mutation,3,0,24
ENSG00000189108,"Rare Single Gene Mutation, Genetic Association",3,0,2
ENSG00000143621,Rare Single Gene Mutation,2,0,5
ENSG00000184903,"Rare Single Gene Mutation, Genetic Association, Functional",3,0,14
ENSG00000151689,"Rare Single Gene Mutation, Genetic Association",3,0,4
ENSG00000164880,"Rare Single Gene Mutation, Syndromic",S,1,4
ENSG00000102786,Rare Single Gene Mutation,2,0,4
ENSG00000183856,Rare Single Gene Mutation,3,0,4
ENSG00000124313,"Rare Single Gene Mutation, Syndromic, Functional",1,1,37
ENSG00000119669,"Rare Single Gene Mutation, Syndromic",1,1,8
ENSG00000259207,"Rare Single Gene Mutation, Genetic Association",2,0,16
ENSG00000150995,Rare Single Gene Mutation,3,0,12
ENSG00000205726,"Rare Single Gene Mutation, Syndromic",2,0,5
ENSG00000008083,"Rare Single Gene Mutation, Syndromic, Genetic Association",2,0,13
ENSG00000171988,Rare Single Gene Mutation,3,0,9
ENSG00000107104,Rare Single Gene Mutation,3,0,10
ENSG00000120071,"Rare Single Gene Mutation, Syndromic, Functional",1,0,6
ENSG00000114166,"Rare Single Gene Mutation, Functional",2,0,8
ENSG00000083168,"Rare Single Gene Mutation, Syndromic, Functional",S,1,21
ENSG00000214753,Rare Single Gene Mutation,S,1,2
ENSG00000017427,"Rare Single Gene Mutation, Functional",3,0,8
ENSG00000156650,"Rare Single Gene Mutation, Syndromic",3,0,6
ENSG00000102781,"Rare Single Gene Mutation, Functional",3,0,2
ENSG00000167216,Rare Single Gene Mutation,1,0,13
ENSG00000158445,"Rare Single Gene Mutation, Syndromic",1,1,14
ENSG00000129159,"Rare Single Gene Mutation, Functional",3,0,6
ENSG00000184408,"Rare Single Gene Mutation, Genetic Association",3,0,7
ENSG00000171385,"Rare Single Gene Mutation, Syndromic, Genetic Association",3,0,10
ENSG00000177807,"Rare Single Gene Mutation, Syndromic, Genetic Association",2,0,11
ENSG00000157551,Rare Single Gene Mutation,3,0,3
ENSG00000173338,Rare Single Gene Mutation,3,0,2
ENSG00000156113,"Rare Single Gene Mutation, Syndromic",3,0,27
ENSG00000075043,"Rare Single Gene Mutation, Syndromic, Genetic Association",2,0,32
ENSG00000184156,"Rare Single Gene Mutation, Genetic Association",1,0,15
ENSG00000170745,Rare Single Gene Mutation,2,0,4
ENSG00000174943,"Rare Single Gene Mutation, Functional",3,0,8
ENSG00000165097,Rare Single Gene Mutation,3,0,2
ENSG00000120733,"Rare Single Gene Mutation, Syndromic",1,0,2
ENSG00000127663,"Rare Single Gene Mutation, Syndromic, Functional",3,0,5
ENSG00000107077,Rare Single Gene Mutation,2,0,3
ENSG00000117139,"Rare Single Gene Mutation, Syndromic, Functional",1,0,18
ENSG00000126012,"Rare Single Gene Mutation, Syndromic, Functional",1,0,29
ENSG00000147050,"Rare Single Gene Mutation, Syndromic",2,0,8
ENSG00000132510,"Rare Single Gene Mutation, Syndromic",1,0,13
ENSG00000112232,Rare Single Gene Mutation,3,0,3
ENSG00000168116,Rare Single Gene Mutation,2,0,4
ENSG00000197892,Rare Single Gene Mutation,3,0,3
ENSG00000118193,"Rare Single Gene Mutation, Syndromic",2,0,4
ENSG00000168280,"Rare Single Gene Mutation, Syndromic",S,1,10
ENSG00000149571,Rare Single Gene Mutation,2,0,17
ENSG00000129911,Rare Single Gene Mutation,3,0,1
ENSG00000118058,"Rare Single Gene Mutation, Syndromic, Functional",1,1,32
ENSG00000055609,"Rare Single Gene Mutation, Syndromic, Functional",1,1,22
ENSG00000005483,"Rare Single Gene Mutation, Syndromic, Genetic Association",1,0,13
ENSG00000073614,Rare Single Gene Mutation,2,0,2
ENSG00000170871,Rare Single Gene Mutation,1,0,3
ENSG00000130294,"Rare Single Gene Mutation, Syndromic",S,1,7
ENSG00000113889,Rare Single Gene Mutation,3,0,1
ENSG00000118162,"Rare Single Gene Mutation, Syndromic",S,1,6
ENSG00000111615,"Rare Single Gene Mutation, Genetic Association",3,0,2
ENSG00000186393,Rare Single Gene Mutation,3,0,2
ENSG00000101680,"Rare Single Gene Mutation, Genetic Association",3,0,8
ENSG00000091136,"Rare Single Gene Mutation, Genetic Association",2,0,7
ENSG00000166477,Rare Single Gene Mutation,2,0,4
ENSG00000174697,Rare Single Gene Mutation,3,0,1
ENSG00000131042,Rare Single Gene Mutation,3,0,2
ENSG00000104863,Rare Single Gene Mutation,3,0,2
ENSG00000136944,Genetic Association,2,0,1
ENSG00000110066,"Rare Single Gene Mutation, Syndromic, Functional",1,0,16
ENSG00000198589,Rare Single Gene Mutation,3,0,6
ENSG00000156564,"Rare Single Gene Mutation, Genetic Association, Functional",3,0,4
ENSG00000165379,"Rare Single Gene Mutation, Genetic Association",3,0,6
ENSG00000123384,Rare Single Gene Mutation,2,0,5
ENSG00000081479,"Rare Single Gene Mutation, Syndromic, Genetic Association",3,0,15
ENSG00000137269,"Rare Single Gene Mutation, Genetic Association",3,0,6
ENSG00000128594,"Rare Single Gene Mutation, Functional",3,0,3
ENSG00000099949,"Rare Single Gene Mutation, Syndromic",1,0,13
ENSG00000107816,Genetic Association,3,0,4
ENSG00000172264,"Rare Single Gene Mutation, Genetic Association",2,0,20
ENSG00000144320,Syndromic,S,1,1
ENSG00000088970,"Genetic Association, Functional",3,0,2
ENSG00000001497,"Rare Single Gene Mutation, Syndromic",3,0,5
ENSG00000198728,Rare Single Gene Mutation,1,0,2
ENSG00000130164,Rare Single Gene Mutation,3,0,1
ENSG00000148948,Rare Single Gene Mutation,1,0,2
ENSG00000254585,"Rare Single Gene Mutation, Syndromic, Functional",1,1,20
ENSG00000189221,"Rare Single Gene Mutation, Syndromic, Genetic Association, Functional",3,0,17
ENSG00000069535,"Rare Single Gene Mutation, Genetic Association, Functional",3,0,5
ENSG00000166963,Rare Single Gene Mutation,1,0,3
ENSG00000102882,"Rare Single Gene Mutation, Functional",3,0,6
ENSG00000116141,"Rare Single Gene Mutation, Genetic Association",3,0,10
ENSG00000141644,Rare Single Gene Mutation,3,0,8
ENSG00000071655,Rare Single Gene Mutation,3,0,4
ENSG00000129071,Rare Single Gene Mutation,3,0,7
ENSG00000204406,"Rare Single Gene Mutation, Syndromic, Functional",1,1,39
ENSG00000166987,Rare Single Gene Mutation,3,0,2
ENSG00000125505,"Rare Single Gene Mutation, Syndromic",1,1,12
ENSG00000104738,Rare Single Gene Mutation,3,0,2
ENSG00000076003,Rare Single Gene Mutation,3,0,2
ENSG00000147316,Rare Single Gene Mutation,3,0,16
ENSG00000139915,"Rare Single Gene Mutation, Genetic Association",3,0,9
ENSG00000169057,"Rare Single Gene Mutation, Syndromic, Functional",1,1,95
ENSG00000144893,"Rare Single Gene Mutation, Syndromic",S,1,4
ENSG00000108510,"Rare Single Gene Mutation, Syndromic",1,1,4
ENSG00000123066,"Rare Single Gene Mutation, Syndromic",1,1,38
ENSG00000081189,"Rare Single Gene Mutation, Syndromic, Genetic Association, Functional",1,1,43
ENSG00000145794,"Rare Single Gene Mutation, Genetic Association",3,0,6
ENSG00000157890,Rare Single Gene Mutation,3,0,5
ENSG00000134138,"Rare Single Gene Mutation, Syndromic",1,1,10
ENSG00000162959,"Rare Single Gene Mutation, Functional",3,0,2
,"Rare Single Gene Mutation, Genetic Association, Functional",2,0,39
ENSG00000235718,Rare Single Gene Mutation,2,0,6
ENSG00000101752,Rare Single Gene Mutation,3,0,8
ENSG00000120215,Rare Single Gene Mutation,3,0,3
ENSG00000120458,Rare Single Gene Mutation,3,0,1
ENSG00000038945,Rare Single Gene Mutation,3,0,4
ENSG00000188786,"Rare Single Gene Mutation, Syndromic, Genetic Association",3,0,5
ENSG00000177000,"Rare Single Gene Mutation, Syndromic, Genetic Association",3,0,18
ENSG00000130731,Rare Single Gene Mutation,3,0,2
,"Rare Single Gene Mutation, Syndromic, Genetic Association, Functional",2,0,10
ENSG00000186260,"Rare Single Gene Mutation, Genetic Association",3,0,10
ENSG00000150051,Rare Single Gene Mutation,1,0,2
ENSG00000070444,Genetic Association,3,0,1
ENSG00000005302,"Rare Single Gene Mutation, Syndromic",1,0,6
,"Genetic Association, Functional",2,0,13
ENSG00000120149,"Rare Single Gene Mutation, Syndromic",3,0,2
ENSG00000198793,"Rare Single Gene Mutation, Syndromic, Functional",1,1,24
ENSG00000205277,Rare Single Gene Mutation,3,0,2
ENSG00000145113,Rare Single Gene Mutation,3,0,7
ENSG00000133026,Rare Single Gene Mutation,2,0,5
ENSG00000264424,Rare Single Gene Mutation,3,0,5
ENSG00000041515,"Rare Single Gene Mutation, Genetic Association",3,0,8
ENSG00000157483,Rare Single Gene Mutation,3,0,4
ENSG00000197535,"Rare Single Gene Mutation, Genetic Association",2,0,5
ENSG00000128833,Rare Single Gene Mutation,3,0,3
ENSG00000099331,Rare Single Gene Mutation,2,0,4
ENSG00000186487,"Rare Single Gene Mutation, Syndromic, Genetic Association, Functional",1,0,26
ENSG00000164134,"Rare Single Gene Mutation, Syndromic",1,1,14
ENSG00000177694,"Rare Single Gene Mutation, Genetic Association",3,0,2
ENSG00000160877,"Rare Single Gene Mutation, Syndromic",S,1,8
ENSG00000166833,Rare Single Gene Mutation,2,0,9
ENSG00000172915,"Rare Single Gene Mutation, Syndromic, Functional",1,1,21
ENSG00000061676,"Rare Single Gene Mutation, Syndromic",1,0,12
ENSG00000176771,Rare Single Gene Mutation,3,0,1
ENSG00000141027,"Rare Single Gene Mutation, Functional",2,0,7
ENSG00000128609,Genetic Association,3,0,3
ENSG00000172260,"Rare Single Gene Mutation, Genetic Association, Functional",3,0,6
ENSG00000067141,,3,0,1
ENSG00000050030,"Rare Single Gene Mutation, Syndromic, Functional",1,0,27
ENSG00000196712,"Rare Single Gene Mutation, Syndromic, Genetic Association",1,1,26
ENSG00000050344,Rare Single Gene Mutation,2,0,3
ENSG00000162599,Rare Single Gene Mutation,3,0,13
ENSG00000147862,"Rare Single Gene Mutation, Syndromic",S,1,5
ENSG00000008441,"Rare Single Gene Mutation, Syndromic",S,1,11
ENSG00000101004,Rare Single Gene Mutation,2,0,6
ENSG00000170113,Rare Single Gene Mutation,3,0,5
ENSG00000140157,Rare Single Gene Mutation,3,0,2
ENSG00000164190,"Rare Single Gene Mutation, Syndromic",1,1,14
ENSG00000169760,"Rare Single Gene Mutation, Genetic Association",2,0,19
ENSG00000186868,"Genetic Association, Functional",3,0,3
,Genetic Association,2,0,1
ENSG00000175806,"Genetic Association, Functional",3,0,11
ENSG00000100345,Rare Single Gene Mutation,2,0,5
ENSG00000065534,Rare Single Gene Mutation,3,0,2
ENSG00000141052,Rare Single Gene Mutation,3,0,2
ENSG00000025770,Rare Single Gene Mutation,3,0,1
ENSG00000084676,Rare Single Gene Mutation,1,0,2
ENSG00000125820,"Genetic Association, Functional",3,0,2
ENSG00000169992,"Rare Single Gene Mutation, Functional",1,0,8
ENSG00000196338,"Rare Single Gene Mutation, Functional",1,0,37
ENSG00000146938,"Rare Single Gene Mutation, Genetic Association",1,0,36
ENSG00000165246,"Rare Single Gene Mutation, Genetic Association, Functional",3,0,5
ENSG00000126368,Rare Single Gene Mutation,3,0,3
ENSG00000175745,"Rare Single Gene Mutation, Syndromic, Functional",S,1,21
ENSG00000151623,"Rare Single Gene Mutation, Syndromic",1,0,9
ENSG00000153234,"Rare Single Gene Mutation, Syndromic",1,0,8
ENSG00000091129,"Rare Single Gene Mutation, Genetic Association",3,0,5
ENSG00000118257,"Rare Single Gene Mutation, Genetic Association",3,0,8
ENSG00000179915,"Rare Single Gene Mutation, Syndromic, Genetic Association, Functional",1,0,98
ENSG00000110076,"Rare Single Gene Mutation, Genetic Association",1,0,12
ENSG00000021645,"Rare Single Gene Mutation, Genetic Association, Functional",1,0,19
ENSG00000165671,"Rare Single Gene Mutation, Syndromic",1,1,22
ENSG00000162631,"Rare Single Gene Mutation, Syndromic, Genetic Association",S,1,8
ENSG00000196358,Syndromic,S,1,3
ENSG00000198400,"Rare Single Gene Mutation, Syndromic",3,0,8
ENSG00000148053,Syndromic,S,1,4
ENSG00000140538,"Rare Single Gene Mutation, Syndromic, Genetic Association",3,0,14
ENSG00000185115,Functional,3,0,3
ENSG00000074590,"Rare Single Gene Mutation, Functional",2,0,6
ENSG00000170584,Rare Single Gene Mutation,2,0,3
ENSG00000069248,Rare Single Gene Mutation,3,0,4
ENSG00000122584,Rare Single Gene Mutation,3,0,5
ENSG00000122126,"Rare Single Gene Mutation, Syndromic",S,1,8
ENSG00000181781,Rare Single Gene Mutation,3,0,1
ENSG00000046651,Rare Single Gene Mutation,3,0,3
ENSG00000079482,"Rare Single Gene Mutation, Syndromic",2,0,16
ENSG00000221888,Rare Single Gene Mutation,3,0,3
ENSG00000184022,Rare Single Gene Mutation,3,0,3
ENSG00000197790,Rare Single Gene Mutation,2,0,2
ENSG00000169918,"Rare Single Gene Mutation, Functional",2,0,4
ENSG00000101405,"Rare Single Gene Mutation, Genetic Association",3,0,5
ENSG00000180914,"Rare Single Gene Mutation, Genetic Association, Functional",2,0,48
ENSG00000083454,Rare Single Gene Mutation,2,0,4
ENSG00000072682,Rare Single Gene Mutation,2,0,4
ENSG00000175115,"Rare Single Gene Mutation, Syndromic",1,1,9
ENSG00000179364,"Rare Single Gene Mutation, Syndromic",S,1,6
ENSG00000168092,Rare Single Gene Mutation,3,0,3
ENSG00000171759,"Rare Single Gene Mutation, Syndromic",1,0,7
ENSG00000149269,"Rare Single Gene Mutation, Syndromic",S,1,5
ENSG00000180370,"Rare Single Gene Mutation, Syndromic",2,0,5
ENSG00000115421,Rare Single Gene Mutation,3,0,4
ENSG00000116117,"Rare Single Gene Mutation, Genetic Association",2,0,8
ENSG00000196092,Rare Single Gene Mutation,1,0,8
ENSG00000007372,"Rare Single Gene Mutation, Syndromic, Functional",S,1,7
ENSG00000132849,"Rare Single Gene Mutation, Genetic Association",3,0,4
ENSG00000104967,Syndromic,S,1,1
ENSG00000185630,Rare Single Gene Mutation,3,0,5
ENSG00000175198,"Rare Single Gene Mutation, Syndromic",S,1,10
ENSG00000114054,"Rare Single Gene Mutation, Syndromic",S,1,9
ENSG00000138650,Rare Single Gene Mutation,3,0,8
ENSG00000102290,Rare Single Gene Mutation,3,0,2
ENSG00000150275,"Rare Single Gene Mutation, Syndromic, Genetic Association",3,0,6
ENSG00000165194,"Rare Single Gene Mutation, Syndromic, Functional",1,1,43
ENSG00000109685,"Rare Single Gene Mutation, Syndromic",S,1,10
ENSG00000170485,Genetic Association,3,0,4
ENSG00000113569,Rare Single Gene Mutation,1,0,2
ENSG00000162231,Rare Single Gene Mutation,3,0,1
ENSG00000171180,Genetic Association,3,0,1
ENSG00000115507,Genetic Association,3,0,3
ENSG00000184226,"Rare Single Gene Mutation, Genetic Association",3,0,7
ENSG00000204970,"Rare Single Gene Mutation, Genetic Association",3,0,3
ENSG00000250120,"Rare Single Gene Mutation, Genetic Association",3,0,4
ENSG00000249158,"Rare Single Gene Mutation, Genetic Association",3,0,5
ENSG00000251664,"Rare Single Gene Mutation, Genetic Association",3,0,3
ENSG00000239389,"Rare Single Gene Mutation, Genetic Association",3,0,4
ENSG00000204969,"Rare Single Gene Mutation, Genetic Association",3,0,5
ENSG00000255408,"Rare Single Gene Mutation, Genetic Association",3,0,4
ENSG00000204967,"Rare Single Gene Mutation, Genetic Association",3,0,4
ENSG00000204965,"Rare Single Gene Mutation, Genetic Association",3,0,5
ENSG00000081842,"Rare Single Gene Mutation, Genetic Association",3,0,3
ENSG00000204963,"Rare Single Gene Mutation, Genetic Association",3,0,5
ENSG00000204962,"Rare Single Gene Mutation, Genetic Association",3,0,4
ENSG00000204961,"Rare Single Gene Mutation, Genetic Association",3,0,4
ENSG00000248383,"Rare Single Gene Mutation, Genetic Association",3,0,3
ENSG00000243232,Genetic Association,3,0,3
ENSG00000078674,Rare Single Gene Mutation,3,0,3
ENSG00000188389,Rare Single Gene Mutation,3,0,3
ENSG00000154678,"Rare Single Gene Mutation, Genetic Association",3,0,3
ENSG00000005882,Rare Single Gene Mutation,3,0,4
ENSG00000179094,"Rare Single Gene Mutation, Genetic Association",3,0,7
ENSG00000132326,Rare Single Gene Mutation,2,0,5
ENSG00000112357,"Rare Single Gene Mutation, Genetic Association",3,0,4
ENSG00000197724,Rare Single Gene Mutation,1,0,7
ENSG00000135365,"Rare Single Gene Mutation, Syndromic",1,1,12
ENSG00000118482,Rare Single Gene Mutation,1,0,4
ENSG00000172943,"Rare Single Gene Mutation, Syndromic",S,1,11
ENSG00000146247,"Rare Single Gene Mutation, Syndromic",1,1,15
ENSG00000134020,Rare Single Gene Mutation,3,0,1
ENSG00000109118,Rare Single Gene Mutation,1,0,3
ENSG00000010318,Rare Single Gene Mutation,2,0,3
ENSG00000070047,Rare Single Gene Mutation,2,0,4
ENSG00000121879,"Rare Single Gene Mutation, Syndromic",3,0,6
ENSG00000105851,Genetic Association,3,0,4
ENSG00000105647,"Rare Single Gene Mutation, Syndromic",S,1,6
ENSG00000069011,"Rare Single Gene Mutation, Genetic Association",3,0,6
ENSG00000181191,Syndromic,3,0,1
ENSG00000011422,"Rare Single Gene Mutation, Genetic Association",3,0,2
ENSG00000182621,Rare Single Gene Mutation,2,0,7
ENSG00000115556,Rare Single Gene Mutation,3,0,3
ENSG00000198523,Rare Single Gene Mutation,3,0,4
ENSG00000130827,"Rare Single Gene Mutation, Syndromic",3,0,7
ENSG00000221866,"Rare Single Gene Mutation, Functional",2,0,5
ENSG00000164050,Rare Single Gene Mutation,2,0,3
ENSG00000130653,Rare Single Gene Mutation,3,0,3
ENSG00000143442,"Rare Single Gene Mutation, Syndromic, Functional",1,1,44
ENSG00000014138,Rare Single Gene Mutation,3,0,2
ENSG00000085998,"Rare Single Gene Mutation, Syndromic",1,1,6
ENSG00000130714,Rare Single Gene Mutation,3,0,3
ENSG00000128513,Rare Single Gene Mutation,3,0,1
ENSG00000198914,Syndromic,S,1,1
ENSG00000131626,Rare Single Gene Mutation,3,0,3
ENSG00000170836,"Rare Single Gene Mutation, Syndromic",S,1,7
ENSG00000113575,"Rare Single Gene Mutation, Syndromic",S,1,2
ENSG00000137713,Rare Single Gene Mutation,3,0,7
ENSG00000112640,"Rare Single Gene Mutation, Syndromic",1,1,20
ENSG00000124126,"Rare Single Gene Mutation, Genetic Association",2,0,3
ENSG00000139174,"Rare Single Gene Mutation, Syndromic, Functional",2,0,5
ENSG00000163637,"Rare Single Gene Mutation, Functional",2,0,5
ENSG00000188191,"Rare Single Gene Mutation, Syndromic",3,0,5
ENSG00000154229,Rare Single Gene Mutation,3,0,4
ENSG00000166501,"Rare Single Gene Mutation, Genetic Association",2,0,7
ENSG00000184304,"Rare Single Gene Mutation, Syndromic",S,1,4
ENSG00000105287,Rare Single Gene Mutation,2,0,3
ENSG00000253729,"Rare Single Gene Mutation, Syndromic, Functional",3,0,6
ENSG00000100033,"Syndromic, Genetic Association",S,1,6
ENSG00000185246,Rare Single Gene Mutation,3,0,3
ENSG00000126464,"Rare Single Gene Mutation, Syndromic",S,1,5
ENSG00000106772,"Rare Single Gene Mutation, Syndromic",3,0,9
ENSG00000185345,"Rare Single Gene Mutation, Genetic Association",2,0,15
ENSG00000156011,"Rare Single Gene Mutation, Genetic Association",3,0,6
ENSG00000197170,Syndromic,1,1,3
ENSG00000117569,"Rare Single Gene Mutation, Genetic Association",3,0,5
ENSG00000165186,"Rare Single Gene Mutation, Genetic Association",1,0,13
ENSG00000171862,"Rare Single Gene Mutation, Syndromic, Functional",1,1,68
,Rare Single Gene Mutation,2,0,3
ENSG00000148606,"Rare Single Gene Mutation, Syndromic",S,1,8
ENSG00000005421,Genetic Association,2,0,5
ENSG00000108819,Rare Single Gene Mutation,1,0,2
ENSG00000138814,"Rare Single Gene Mutation, Syndromic",S,1,9
ENSG00000011485,Rare Single Gene Mutation,1,0,2
ENSG00000073756,"Rare Single Gene Mutation, Genetic Association, Functional",3,0,7
ENSG00000112655,Rare Single Gene Mutation,1,0,5
ENSG00000179295,"Rare Single Gene Mutation, Syndromic, Functional",1,1,20
ENSG00000127329,"Rare Single Gene Mutation, Genetic Association",3,0,3
ENSG00000081237,"Rare Single Gene Mutation, Genetic Association",3,0,9
ENSG00000196090,"Rare Single Gene Mutation, Functional",3,0,9
ENSG00000130508,"Rare Single Gene Mutation, Syndromic",3,0,6
ENSG00000163564,Rare Single Gene Mutation,2,0,4
ENSG00000198218,"Rare Single Gene Mutation, Syndromic",2,0,11
ENSG00000131771,Genetic Association,3,0,1
ENSG00000135631,"Rare Single Gene Mutation, Functional",3,0,6
ENSG00000104388,Rare Single Gene Mutation,2,0,8
ENSG00000155961,"Rare Single Gene Mutation, Syndromic, Functional",3,0,15
ENSG00000172780,Rare Single Gene Mutation,2,0,2
ENSG00000136238,"Syndromic, Functional",S,1,5
ENSG00000164754,Syndromic,S,1,4
ENSG00000244588,Rare Single Gene Mutation,3,0,2
ENSG00000108557,"Rare Single Gene Mutation, Syndromic, Functional",1,1,26
ENSG00000006451,"Rare Single Gene Mutation, Syndromic",S,1,4
ENSG00000170471,Rare Single Gene Mutation,1,0,5
ENSG00000204764,Rare Single Gene Mutation,2,0,6
ENSG00000091428,Rare Single Gene Mutation,3,0,17
ENSG00000266094,"Rare Single Gene Mutation, Genetic Association",3,0,3
ENSG00000078328,"Rare Single Gene Mutation, Genetic Association",2,0,38
ENSG00000091009,Rare Single Gene Mutation,2,0,3
ENSG00000165476,Rare Single Gene Mutation,3,0,3
ENSG00000189056,"Rare Single Gene Mutation, Syndromic, Genetic Association, Functional",1,0,56
ENSG00000142599,"Rare Single Gene Mutation, Syndromic, Genetic Association",1,1,7
ENSG00000080298,"Rare Single Gene Mutation, Syndromic",1,0,8
ENSG00000111783,"Rare Single Gene Mutation, Syndromic",S,1,2
ENSG00000182901,Rare Single Gene Mutation,3,0,6
ENSG00000106615,Syndromic,S,1,1
ENSG00000079841,"Rare Single Gene Mutation, Genetic Association",1,0,8
ENSG00000117016,Rare Single Gene Mutation,3,0,4
ENSG00000131263,"Rare Single Gene Mutation, Syndromic",S,1,5
ENSG00000181481,"Rare Single Gene Mutation, Syndromic, Genetic Association",S,1,4
ENSG00000163481,Rare Single Gene Mutation,3,0,2
ENSG00000137075,Rare Single Gene Mutation,3,0,2
ENSG00000185008,"Rare Single Gene Mutation, Genetic Association, Functional",2,0,8
ENSG00000069667,"Rare Single Gene Mutation, Syndromic, Genetic Association, Functional",S,1,18
ENSG00000198963,"Rare Single Gene Mutation, Syndromic, Functional",1,0,9
ENSG00000147403,"Rare Single Gene Mutation, Syndromic",3,0,13
ENSG00000071242,Rare Single Gene Mutation,3,0,4
ENSG00000177189,"Rare Single Gene Mutation, Syndromic",S,1,13
ENSG00000142230,Rare Single Gene Mutation,2,0,3
ENSG00000187634,Rare Single Gene Mutation,3,0,2
ENSG00000111961,Rare Single Gene Mutation,3,0,2
ENSG00000119042,"Rare Single Gene Mutation, Syndromic, Genetic Association",S,1,37
,Rare Single Gene Mutation,3,0,1
ENSG00000100241,Rare Single Gene Mutation,2,0,9
ENSG00000184178,Rare Single Gene Mutation,3,0,2
ENSG00000144285,"Rare Single Gene Mutation, Syndromic, Genetic Association",1,1,72
ENSG00000136531,"Rare Single Gene Mutation, Syndromic, Functional",1,0,83
ENSG00000181827,"Rare Single Gene Mutation, Syndromic",S,1,3
ENSG00000176406,"Rare Single Gene Mutation, Syndromic, Genetic Association",S,1,3
ENSG00000174891,"Syndromic, Genetic Association",S,1,7
ENSG00000182568,"Rare Single Gene Mutation, Syndromic",1,0,4
ENSG00000156304,"Rare Single Gene Mutation, Syndromic",2,0,3
ENSG00000007314,Rare Single Gene Mutation,3,0,4
ENSG00000196876,"Rare Single Gene Mutation, Syndromic",1,0,44
ENSG00000169432,Rare Single Gene Mutation,2,0,5
ENSG00000116171,Rare Single Gene Mutation,3,0,2
ENSG00000169439,"Rare Single Gene Mutation, Genetic Association",3,0,4
ENSG00000112902,"Rare Single Gene Mutation, Genetic Association, Functional",2,0,17
ENSG00000119335,Rare Single Gene Mutation,2,0,5
ENSG00000152217,"Rare Single Gene Mutation, Syndromic",1,0,21
ENSG00000139718,"Rare Single Gene Mutation, Syndromic, Functional",S,1,14
ENSG00000181555,"Rare Single Gene Mutation, Syndromic",1,0,16
ENSG00000168137,"Rare Single Gene Mutation, Syndromic",1,1,29
ENSG00000143379,Rare Single Gene Mutation,3,0,4
ENSG00000136169,"Rare Single Gene Mutation, Syndromic",3,0,2
ENSG00000174938,"Rare Single Gene Mutation, Genetic Association",3,0,6
ENSG00000115524,Rare Single Gene Mutation,3,0,5
ENSG00000181523,"Rare Single Gene Mutation, Syndromic",S,1,6
ENSG00000100359,Rare Single Gene Mutation,3,0,5
ENSG00000172985,Rare Single Gene Mutation,3,0,3
ENSG00000161681,"Rare Single Gene Mutation, Genetic Association",2,0,9
ENSG00000162105,"Rare Single Gene Mutation, Syndromic, Genetic Association, Functional",1,0,41
ENSG00000101883,Genetic Association,3,0,3
ENSG00000099381,"Rare Single Gene Mutation, Syndromic",S,1,3
ENSG00000251322,"Rare Single Gene Mutation, Syndromic, Genetic Association, Functional",1,1,107
ENSG00000152214,Genetic Association,3,0,3
ENSG00000106366,Genetic Association,3,0,2
ENSG00000185960,Rare Single Gene Mutation,2,0,2
ENSG00000142178,"Rare Single Gene Mutation, Syndromic, Functional",S,1,6
ENSG00000169375,"Rare Single Gene Mutation, Syndromic",1,1,14
ENSG00000124140,Rare Single Gene Mutation,2,0,6
ENSG00000106688,"Rare Single Gene Mutation, Genetic Association",3,0,12
ENSG00000110436,"Rare Single Gene Mutation, Genetic Association, Functional",S,1,7
ENSG00000163393,Genetic Association,3,0,1
ENSG00000149742,Rare Single Gene Mutation,3,0,4
ENSG00000155886,Rare Single Gene Mutation,3,0,3
,"Genetic Association, Functional",2,0,4
ENSG00000127511,"Rare Single Gene Mutation, Syndromic",S,1,4
ENSG00000157933,Rare Single Gene Mutation,1,0,3
ENSG00000115840,"Rare Single Gene Mutation, Syndromic, Genetic Association, Functional",3,0,24
ENSG00000153291,Genetic Association,3,0,1
ENSG00000013306,Rare Single Gene Mutation,3,0,3
ENSG00000167114,"Rare Single Gene Mutation, Syndromic",3,0,2
ENSG00000164638,Rare Single Gene Mutation,3,0,1
ENSG00000121073,Genetic Association,2,0,1
ENSG00000157637,Rare Single Gene Mutation,2,0,2
ENSG00000162426,"Rare Single Gene Mutation, Syndromic",S,1,3
ENSG00000144290,"Rare Single Gene Mutation, Genetic Association",3,0,6
ENSG00000157103,"Rare Single Gene Mutation, Syndromic, Genetic Association",1,1,39
ENSG00000142319,"Rare Single Gene Mutation, Syndromic, Genetic Association, Functional",2,0,16
ENSG00000108576,"Rare Single Gene Mutation, Genetic Association",3,0,26
ENSG00000130821,"Rare Single Gene Mutation, Syndromic",3,0,17
ENSG00000165349,Rare Single Gene Mutation,2,0,2
ENSG00000103257,"Rare Single Gene Mutation, Functional",2,0,4
ENSG00000155465,Rare Single Gene Mutation,3,0,3
ENSG00000198689,"Rare Single Gene Mutation, Syndromic, Functional",1,1,19
ENSG00000181804,"Rare Single Gene Mutation, Genetic Association, Functional",3,0,13
ENSG00000111700,Rare Single Gene Mutation,3,0,4
ENSG00000165300,"Rare Single Gene Mutation, Functional",2,0,9
ENSG00000141646,Rare Single Gene Mutation,2,0,7
ENSG00000080503,"Rare Single Gene Mutation, Syndromic, Genetic Association",S,1,22
ENSG00000127616,"Rare Single Gene Mutation, Syndromic",1,0,13
ENSG00000139613,"Rare Single Gene Mutation, Syndromic, Functional",1,1,14
ENSG00000072501,"Rare Single Gene Mutation, Syndromic",S,1,10
ENSG00000108055,"Rare Single Gene Mutation, Syndromic",S,1,10
ENSG00000070366,Rare Single Gene Mutation,3,0,2
ENSG00000198742,Rare Single Gene Mutation,3,0,2
ENSG00000132639,"Rare Single Gene Mutation, Genetic Association",3,0,7
ENSG00000197157,"Rare Single Gene Mutation, Genetic Association",3,0,8
ENSG00000172554,Rare Single Gene Mutation,3,0,6
ENSG00000135317,"Rare Single Gene Mutation, Syndromic",S,1,7
ENSG00000089006,Rare Single Gene Mutation,2,0,3
ENSG00000142168,"Rare Single Gene Mutation, Genetic Association, Functional",3,0,3
ENSG00000159140,"Rare Single Gene Mutation, Syndromic, Functional",1,0,16
ENSG00000134532,"Rare Single Gene Mutation, Syndromic, Genetic Association",1,1,14
ENSG00000152583,"Rare Single Gene Mutation, Functional",2,0,3
ENSG00000021574,"Rare Single Gene Mutation, Syndromic",1,0,14
ENSG00000065526,"Rare Single Gene Mutation, Syndromic",2,0,12
ENSG00000072080,Rare Single Gene Mutation,3,0,4
ENSG00000080603,"Rare Single Gene Mutation, Syndromic",1,0,6
ENSG00000196220,Rare Single Gene Mutation,3,0,5
ENSG00000116754,Rare Single Gene Mutation,2,0,4
ENSG00000149136,Rare Single Gene Mutation,3,0,2
ENSG00000004866,Rare Single Gene Mutation,3,0,4
ENSG00000140557,"Rare Single Gene Mutation, Genetic Association",2,0,9
ENSG00000118007,"Rare Single Gene Mutation, Syndromic",S,1,5
ENSG00000106089,"Rare Single Gene Mutation, Genetic Association",3,0,6
ENSG00000136854,"Rare Single Gene Mutation, Syndromic, Functional",1,1,54
ENSG00000156395,"Rare Single Gene Mutation, Syndromic, Genetic Association",2,0,6
,"Rare Single Gene Mutation, Syndromic",1,0,4
ENSG00000110693,"Rare Single Gene Mutation, Syndromic",S,1,2
ENSG00000115306,"Rare Single Gene Mutation, Syndromic",S,1,6
ENSG00000164506,Rare Single Gene Mutation,2,0,6
ENSG00000060140,"Rare Single Gene Mutation, Genetic Association",3,0,2
ENSG00000169895,Rare Single Gene Mutation,3,0,2
ENSG00000008056,"Rare Single Gene Mutation, Functional",1,0,23
ENSG00000157152,"Rare Single Gene Mutation, Genetic Association, Functional",3,0,6
ENSG00000135316,"Rare Single Gene Mutation, Syndromic",3,0,8
ENSG00000131018,"Rare Single Gene Mutation, Genetic Association",S,1,17
ENSG00000197283,"Rare Single Gene Mutation, Syndromic, Functional",1,1,70
ENSG00000182934,Rare Single Gene Mutation,1,0,2
ENSG00000159082,Rare Single Gene Mutation,3,0,1
ENSG00000067715,"Rare Single Gene Mutation, Syndromic",S,1,4
ENSG00000147133,"Rare Single Gene Mutation, Syndromic",S,1,12
ENSG00000103168,"Rare Single Gene Mutation, Genetic Association",3,0,2
ENSG00000106290,Rare Single Gene Mutation,2,0,3
ENSG00000170921,"Rare Single Gene Mutation, Syndromic",1,0,12
ENSG00000160551,"Rare Single Gene Mutation, Syndromic",1,0,4
ENSG00000149930,"Rare Single Gene Mutation, Functional",2,0,7
ENSG00000036054,"Rare Single Gene Mutation, Syndromic",S,1,3
ENSG00000156787,Rare Single Gene Mutation,2,0,4
ENSG00000131374,"Rare Single Gene Mutation, Genetic Association",3,0,8
ENSG00000145348,"Rare Single Gene Mutation, Syndromic",1,0,2
ENSG00000177565,"Rare Single Gene Mutation, Syndromic",1,0,26
ENSG00000136535,"Rare Single Gene Mutation, Syndromic, Genetic Association, Functional",1,0,36
ENSG00000184058,"Syndromic, Functional",S,1,5
ENSG00000100207,"Rare Single Gene Mutation, Syndromic",1,1,12
ENSG00000196628,"Rare Single Gene Mutation, Syndromic, Genetic Association, Functional",1,1,56
ENSG00000198648,Genetic Association,3,0,5
ENSG00000092201,Rare Single Gene Mutation,S,1,7
ENSG00000147642,Rare Single Gene Mutation,3,0,1
ENSG00000171772,Rare Single Gene Mutation,3,0,1
ENSG00000102003,Rare Single Gene Mutation,3,0,3
ENSG00000103528,Genetic Association,3,0,2
ENSG00000101849,Genetic Association,3,0,1
ENSG00000122145,Rare Single Gene Mutation,3,0,2
ENSG00000148737,"Rare Single Gene Mutation, Syndromic",1,0,8
ENSG00000109927,Rare Single Gene Mutation,3,0,7
ENSG00000120156,Rare Single Gene Mutation,1,0,2
ENSG00000132604,Rare Single Gene Mutation,2,0,4
ENSG00000168769,Rare Single Gene Mutation,2,0,4
ENSG00000187605,"Rare Single Gene Mutation, Syndromic",S,1,3
ENSG00000162851,Rare Single Gene Mutation,3,0,1
ENSG00000137801,"Rare Single Gene Mutation, Genetic Association",3,0,4
ENSG00000126351,"Rare Single Gene Mutation, Functional",3,0,5
ENSG00000146872,"Rare Single Gene Mutation, Syndromic",1,1,17
ENSG00000167014,Rare Single Gene Mutation,3,0,1
ENSG00000151790,Genetic Association,3,0,4
ENSG00000145107,Rare Single Gene Mutation,3,0,3
ENSG00000168955,Rare Single Gene Mutation,S,1,1
ENSG00000121775,Rare Single Gene Mutation,3,0,4
ENSG00000185973,"Rare Single Gene Mutation, Genetic Association",2,0,5
ENSG00000100354,"Rare Single Gene Mutation, Syndromic",2,0,13
ENSG00000100038,"Rare Single Gene Mutation, Genetic Association, Functional",3,0,6
ENSG00000131653,"Rare Single Gene Mutation, Syndromic",S,1,7
ENSG00000182400,"Rare Single Gene Mutation, Syndromic",S,1,5
ENSG00000167632,"Rare Single Gene Mutation, Syndromic",2,0,15
ENSG00000038382,"Rare Single Gene Mutation, Syndromic",1,0,31
ENSG00000153827,"Rare Single Gene Mutation, Syndromic",1,1,22
ENSG00000137672,Rare Single Gene Mutation,2,0,3
ENSG00000134160,Rare Single Gene Mutation,2,0,4
ENSG00000196367,"Rare Single Gene Mutation, Syndromic",S,1,9
ENSG00000165699,"Rare Single Gene Mutation, Syndromic, Functional",1,1,25
ENSG00000103197,"Rare Single Gene Mutation, Syndromic, Genetic Association, Functional",1,1,39
ENSG00000121297,"Rare Single Gene Mutation, Functional",1,0,3
ENSG00000048140,Rare Single Gene Mutation,3,0,3
ENSG00000214063,Rare Single Gene Mutation,3,0,4
ENSG00000156298,Rare Single Gene Mutation,3,0,8
ENSG00000129696,Rare Single Gene Mutation,S,1,2
ENSG00000155657,"Rare Single Gene Mutation, Syndromic",S,1,23
ENSG00000275835,Rare Single Gene Mutation,3,0,4
ENSG00000114062,"Rare Single Gene Mutation, Syndromic, Genetic Association, Functional",1,1,36
ENSG00000009335,Rare Single Gene Mutation,2,0,4
ENSG00000157741,Rare Single Gene Mutation,2,0,4
ENSG00000104517,Rare Single Gene Mutation,2,0,8
ENSG00000087206,Rare Single Gene Mutation,3,0,5
ENSG00000005379,Rare Single Gene Mutation,3,0,5
ENSG00000101337,Rare Single Gene Mutation,1,0,2
ENSG00000172663,Rare Single Gene Mutation,3,0,1
ENSG00000115705,Genetic Association,3,0,1
ENSG00000167515,"Rare Single Gene Mutation, Syndromic",3,0,3
ENSG00000113595,Rare Single Gene Mutation,1,0,4
ENSG00000119401,"Rare Single Gene Mutation, Functional",3,0,3
ENSG00000197323,Genetic Association,3,0,1
ENSG00000186591,Genetic Association,3,0,2
ENSG00000130477,"Rare Single Gene Mutation, Syndromic",S,1,8
ENSG00000156687,Rare Single Gene Mutation,3,0,3
ENSG00000133958,"Rare Single Gene Mutation, Functional",2,0,6
ENSG00000144406,Rare Single Gene Mutation,3,0,6
ENSG00000151461,"Rare Single Gene Mutation, Functional",3,0,9
ENSG00000125351,"Rare Single Gene Mutation, Syndromic",1,1,17
ENSG00000042781,Rare Single Gene Mutation,3,0,7
ENSG00000135655,Rare Single Gene Mutation,2,0,3
ENSG00000123552,Rare Single Gene Mutation,2,0,3
ENSG00000111077,Rare Single Gene Mutation,3,0,1
ENSG00000187555,"Rare Single Gene Mutation, Syndromic",S,1,8
ENSG00000124486,"Rare Single Gene Mutation, Syndromic, Functional",S,1,11
ENSG00000114374,"Rare Single Gene Mutation, Genetic Association",3,0,2
ENSG00000220205,"Rare Single Gene Mutation, Syndromic",S,1,3
ENSG00000071246,Genetic Association,3,0,4
ENSG00000111424,"Genetic Association, Functional",3,0,10
ENSG00000127831,Rare Single Gene Mutation,2,0,3
ENSG00000132549,"Rare Single Gene Mutation, Syndromic",1,1,21
ENSG00000155659,Rare Single Gene Mutation,3,0,2
ENSG00000095787,"Rare Single Gene Mutation, Syndromic",1,1,21
ENSG00000112290,Syndromic,S,1,3
ENSG00000163625,"Rare Single Gene Mutation, Syndromic, Functional",1,0,20
ENSG00000128815,Rare Single Gene Mutation,2,0,7
ENSG00000162923,"Rare Single Gene Mutation, Syndromic",S,1,6
ENSG00000196632,Rare Single Gene Mutation,3,0,6
ENSG00000125084,Genetic Association,3,0,3
ENSG00000186153,"Rare Single Gene Mutation, Syndromic",2,0,10
ENSG00000154767,"Rare Single Gene Mutation, Syndromic",S,1,11
ENSG00000082898,"Rare Single Gene Mutation, Genetic Association",3,0,7
ENSG00000163872,"Rare Single Gene Mutation, Genetic Association",3,0,2
ENSG00000047188,"Rare Single Gene Mutation, Genetic Association",3,0,5
ENSG00000108953,Rare Single Gene Mutation,3,0,5
ENSG00000159459,Rare Single Gene Mutation,1,0,1
ENSG00000136451,Rare Single Gene Mutation,1,0,3
ENSG00000204396,Rare Single Gene Mutation,3,0,1
ENSG00000123124,Rare Single Gene Mutation,3,0,2
ENSG00000196419,Rare Single Gene Mutation,3,0,2
ENSG00000170027,"Rare Single Gene Mutation, Syndromic",S,1,9
ENSG00000100811,"Rare Single Gene Mutation, Syndromic, Functional",1,1,5
ENSG00000109906,"Rare Single Gene Mutation, Genetic Association, Functional",3,0,3
ENSG00000181722,"Rare Single Gene Mutation, Syndromic",1,1,26
ENSG00000058673,Rare Single Gene Mutation,3,0,3
ENSG00000130749,Rare Single Gene Mutation,2,0,4
ENSG00000072121,Rare Single Gene Mutation,3,0,4
ENSG00000108175,"Rare Single Gene Mutation, Syndromic",S,1,5
ENSG00000121741,"Rare Single Gene Mutation, Syndromic",S,1,6
ENSG00000015171,"Rare Single Gene Mutation, Syndromic",2,0,13
ENSG00000154957,Rare Single Gene Mutation,3,0,1
ENSG00000188994,"Rare Single Gene Mutation, Syndromic",1,0,7
ENSG00000101040,Rare Single Gene Mutation,1,0,5
ENSG00000144331,Genetic Association,3,0,2
ENSG00000148143,"Rare Single Gene Mutation, Syndromic",1,1,10
ENSG00000197363,Rare Single Gene Mutation,3,0,3
ENSG00000188785,Rare Single Gene Mutation,3,0,3
ENSG00000188321,Rare Single Gene Mutation,3,0,6
ENSG00000188171,Rare Single Gene Mutation,3,0,2
ENSG00000178665,Rare Single Gene Mutation,3,0,2
ENSG00000196391,Rare Single Gene Mutation,3,0,3
ENSG00000170396,"Rare Single Gene Mutation, Genetic Association, Functional",2,0,15
ENSG00000151612,Genetic Association,3,0,1
ENSG00000130449,"Rare Single Gene Mutation, Syndromic, Genetic Association",S,1,4
ENSG00000174442,Rare Single Gene Mutation,3,0,4
ENSG00000172354,"Support,Primary",S,1,4
ENSG00000178951,Primary,S,1,1
ENSG00000114480,"Support,Primary",3,0,2
ENSG00000048740,"Support,Primary,Recent Recommendation",3,1,3
ENSG00000177301,"Support,Primary",S,1,6
ENSG00000068323,"Support,Primary,Recent Recommendation",S,1,4
ENSG00000168298,"Support,Primary,Recent Recommendation",S,1,6
ENSG00000088179,"Support,Primary",S,1,3
ENSG00000103657,"Support,Primary",3,1,9
ENSG00000125675,"Support,Primary",S,1,6
